[{"model": "admin.logentry", "pk": 1, "fields": {"action_time": "2022-03-15T14:51:33.298Z", "user": 1, "content_type": 7, "object_id": "1", "object_repr": "juniordevtalentexample.com", "action_flag": 2, "change_message": "[{\"changed\": {\"fields\": [\"Domain name\", \"Display name\"]}}]"}}, {"model": "admin.logentry", "pk": 2, "fields": {"action_time": "2022-03-16T17:12:17.320Z", "user": 1, "content_type": 8, "object_id": "1", "object_repr": "projectckcabs@gmail.com", "action_flag": 2, "change_message": "[{\"changed\": {\"fields\": [\"Verified\", \"Primary\"]}}]"}}, {"model": "admin.logentry", "pk": 3, "fields": {"action_time": "2022-03-18T15:50:45.585Z", "user": 1, "content_type": 8, "object_id": "2", "object_repr": "Ckcabs@hotmail.com", "action_flag": 2, "change_message": "[{\"changed\": {\"fields\": [\"Verified\"]}}]"}}, {"model": "admin.logentry", "pk": 4, "fields": {"action_time": "2022-03-19T13:45:51.071Z", "user": 1, "content_type": 13, "object_id": "1", "object_repr": "Default", "action_flag": 1, "change_message": "[{\"added\": {}}]"}}, {"model": "admin.logentry", "pk": 5, "fields": {"action_time": "2022-03-19T13:47:05.342Z", "user": 1, "content_type": 13, "object_id": "2", "object_repr": "Interview", "action_flag": 1, "change_message": "[{\"added\": {}}]"}}, {"model": "admin.logentry", "pk": 6, "fields": {"action_time": "2022-03-19T14:09:51.134Z", "user": 1, "content_type": 13, "object_id": "1", "object_repr": "Default", "action_flag": 3, "change_message": ""}}, {"model": "admin.logentry", "pk": 7, "fields": {"action_time": "2022-03-19T14:09:51.135Z", "user": 1, "content_type": 13, "object_id": "2", "object_repr": "Interview", "action_flag": 3, "change_message": ""}}, {"model": "admin.logentry", "pk": 8, "fields": {"action_time": "2022-03-19T14:19:26.515Z", "user": 1, "content_type": 13, "object_id": "1", "object_repr": "Interview", "action_flag": 1, "change_message": "[{\"added\": {}}]"}}, {"model": "admin.logentry", "pk": 9, "fields": {"action_time": "2022-03-19T14:26:39.325Z", "user": 1, "content_type": 13, "object_id": "2", "object_repr": "Career change", "action_flag": 1, "change_message": "[{\"added\": {}}]"}}, {"model": "admin.logentry", "pk": 10, "fields": {"action_time": "2022-03-19T14:27:02.368Z", "user": 1, "content_type": 13, "object_id": "3", "object_repr": "Code", "action_flag": 1, "change_message": "[{\"added\": {}}]"}}, {"model": "admin.logentry", "pk": 11, "fields": {"action_time": "2022-03-19T14:27:15.785Z", "user": 1, "content_type": 13, "object_id": "4", "object_repr": "python", "action_flag": 1, "change_message": "[{\"added\": {}}]"}}, {"model": "admin.logentry", "pk": 12, "fields": {"action_time": "2022-03-19T18:57:55.663Z", "user": 1, "content_type": 14, "object_id": "1", "object_repr": "test1", "action_flag": 1, "change_message": "[{\"added\": {}}]"}}, {"model": "admin.logentry", "pk": 13, "fields": {"action_time": "2022-03-20T18:10:15.614Z", "user": 1, "content_type": 14, "object_id": "2", "object_repr": "test2", "action_flag": 1, "change_message": "[{\"added\": {}}]"}}, {"model": "admin.logentry", "pk": 14, "fields": {"action_time": "2022-03-20T18:16:53.942Z", "user": 1, "content_type": 14, "object_id": "2", "object_repr": "test2", "action_flag": 3, "change_message": ""}}, {"model": "admin.logentry", "pk": 15, "fields": {"action_time": "2022-03-20T18:16:53.969Z", "user": 1, "content_type": 14, "object_id": "1", "object_repr": "test1", "action_flag": 3, "change_message": ""}}, {"model": "admin.logentry", "pk": 16, "fields": {"action_time": "2022-03-20T18:17:03.282Z", "user": 1, "content_type": 13, "object_id": "2", "object_repr": "Career change", "action_flag": 3, "change_message": ""}}, {"model": "admin.logentry", "pk": 17, "fields": {"action_time": "2022-03-20T18:17:03.306Z", "user": 1, "content_type": 13, "object_id": "3", "object_repr": "Code", "action_flag": 3, "change_message": ""}}, {"model": "admin.logentry", "pk": 18, "fields": {"action_time": "2022-03-20T18:17:03.326Z", "user": 1, "content_type": 13, "object_id": "1", "object_repr": "Interview", "action_flag": 3, "change_message": ""}}, {"model": "admin.logentry", "pk": 19, "fields": {"action_time": "2022-03-20T18:17:03.349Z", "user": 1, "content_type": 13, "object_id": "4", "object_repr": "python", "action_flag": 3, "change_message": ""}}, {"model": "admin.logentry", "pk": 20, "fields": {"action_time": "2022-03-20T18:21:54.597Z", "user": 1, "content_type": 13, "object_id": "1", "object_repr": "Interview", "action_flag": 1, "change_message": "[{\"added\": {}}]"}}, {"model": "admin.logentry", "pk": 21, "fields": {"action_time": "2022-03-20T18:22:09.341Z", "user": 1, "content_type": 14, "object_id": "3", "object_repr": "test1", "action_flag": 1, "change_message": "[{\"added\": {}}]"}}, {"model": "admin.logentry", "pk": 22, "fields": {"action_time": "2022-03-20T18:52:08.032Z", "user": 1, "content_type": 14, "object_id": "4", "object_repr": "post2", "action_flag": 1, "change_message": "[{\"added\": {}}]"}}, {"model": "admin.logentry", "pk": 23, "fields": {"action_time": "2022-03-20T18:52:20.870Z", "user": 1, "content_type": 14, "object_id": "5", "object_repr": "post 3", "action_flag": 1, "change_message": "[{\"added\": {}}]"}}, {"model": "admin.logentry", "pk": 24, "fields": {"action_time": "2022-03-20T19:45:39.778Z", "user": 1, "content_type": 14, "object_id": "3", "object_repr": "test1", "action_flag": 2, "change_message": "[{\"changed\": {\"fields\": [\"Post_image\"]}}]"}}, {"model": "admin.logentry", "pk": 25, "fields": {"action_time": "2022-03-20T19:47:31.758Z", "user": 1, "content_type": 14, "object_id": "3", "object_repr": "test1", "action_flag": 2, "change_message": "[{\"changed\": {\"fields\": [\"Post_image\"]}}]"}}, {"model": "admin.logentry", "pk": 26, "fields": {"action_time": "2022-03-21T08:59:18.302Z", "user": 1, "content_type": 14, "object_id": "3", "object_repr": "A few tips on using an interview blog post template to share incredible content.", "action_flag": 2, "change_message": "[{\"changed\": {\"fields\": [\"Title\", \"Body\", \"User_name\"]}}]"}}, {"model": "admin.logentry", "pk": 27, "fields": {"action_time": "2022-03-21T10:44:20.815Z", "user": 1, "content_type": 13, "object_id": "2", "object_repr": "Career change", "action_flag": 1, "change_message": "[{\"added\": {}}]"}}, {"model": "admin.logentry", "pk": 28, "fields": {"action_time": "2022-03-21T10:44:39.724Z", "user": 1, "content_type": 14, "object_id": "6", "object_repr": "test2", "action_flag": 1, "change_message": "[{\"added\": {}}]"}}, {"model": "admin.logentry", "pk": 29, "fields": {"action_time": "2022-03-21T14:58:44.222Z", "user": 1, "content_type": 15, "object_id": "1", "object_repr": "Comment test21 by Chris", "action_flag": 1, "change_message": "[{\"added\": {}}]"}}, {"model": "admin.logentry", "pk": 30, "fields": {"action_time": "2022-03-21T16:57:08.603Z", "user": 1, "content_type": 15, "object_id": "3", "object_repr": "Comment Lorem Ipsum is simply dummy text of the printing and typesetting industry. Lorem Ipsum has been the industry's standard dummy text ever since the 1500s, when an unknown printer took a galley o", "action_flag": 1, "change_message": "[{\"added\": {}}]"}}, {"model": "admin.logentry", "pk": 31, "fields": {"action_time": "2022-03-21T16:57:22.091Z", "user": 1, "content_type": 15, "object_id": "4", "object_repr": "Comment Lorem Ipsum is simply dummy text of the printing and typesetting industry. Lorem Ipsum has been the industry's standard dummy text ever since the 1500s, when an unknown printer took a galley o", "action_flag": 1, "change_message": "[{\"added\": {}}]"}}, {"model": "admin.logentry", "pk": 32, "fields": {"action_time": "2022-03-21T16:57:31.354Z", "user": 1, "content_type": 15, "object_id": "5", "object_repr": "Comment Lorem Ipsum is simply dummy text of the printing and typesetting industry. Lorem Ipsum has been the industry's standard dummy text ever since the 1500s, when an unknown printer took a galley o", "action_flag": 1, "change_message": "[{\"added\": {}}]"}}, {"model": "admin.logentry", "pk": 33, "fields": {"action_time": "2022-03-23T09:11:27.417Z", "user": 1, "content_type": 15, "object_id": "1", "object_repr": "Comment test21 by Chris", "action_flag": 3, "change_message": ""}}, {"model": "admin.logentry", "pk": 34, "fields": {"action_time": "2022-03-23T09:11:27.419Z", "user": 1, "content_type": 15, "object_id": "2", "object_repr": "Comment hgfhfg by admin", "action_flag": 3, "change_message": ""}}, {"model": "admin.logentry", "pk": 35, "fields": {"action_time": "2022-03-23T09:11:27.420Z", "user": 1, "content_type": 15, "object_id": "3", "object_repr": "Comment Lorem Ipsum is simply dummy text of the printing and typesetting industry. Lorem Ipsum has been the industry's standard dummy text ever since the 1500s, when an unknown printer took a galley o", "action_flag": 3, "change_message": ""}}, {"model": "admin.logentry", "pk": 36, "fields": {"action_time": "2022-03-23T09:11:27.421Z", "user": 1, "content_type": 15, "object_id": "4", "object_repr": "Comment Lorem Ipsum is simply dummy text of the printing and typesetting industry. Lorem Ipsum has been the industry's standard dummy text ever since the 1500s, when an unknown printer took a galley o", "action_flag": 3, "change_message": ""}}, {"model": "admin.logentry", "pk": 37, "fields": {"action_time": "2022-03-23T09:11:27.422Z", "user": 1, "content_type": 15, "object_id": "5", "object_repr": "Comment Lorem Ipsum is simply dummy text of the printing and typesetting industry. Lorem Ipsum has been the industry's standard dummy text ever since the 1500s, when an unknown printer took a galley o", "action_flag": 3, "change_message": ""}}, {"model": "admin.logentry", "pk": 38, "fields": {"action_time": "2022-03-23T09:11:27.424Z", "user": 1, "content_type": 15, "object_id": "6", "object_repr": "Comment test3 by admin", "action_flag": 3, "change_message": ""}}, {"model": "admin.logentry", "pk": 39, "fields": {"action_time": "2022-03-23T09:11:27.425Z", "user": 1, "content_type": 15, "object_id": "7", "object_repr": "Comment my comment by admin", "action_flag": 3, "change_message": ""}}, {"model": "admin.logentry", "pk": 40, "fields": {"action_time": "2022-03-23T15:30:11.596Z", "user": 1, "content_type": 4, "object_id": "2", "object_repr": "chris", "action_flag": 2, "change_message": "[{\"changed\": {\"fields\": [\"password\"]}}]"}}, {"model": "admin.logentry", "pk": 41, "fields": {"action_time": "2022-03-24T11:07:04.502Z", "user": 1, "content_type": 4, "object_id": "3", "object_repr": "john", "action_flag": 1, "change_message": "[{\"added\": {}}]"}}, {"model": "admin.logentry", "pk": 42, "fields": {"action_time": "2022-03-24T11:07:46.599Z", "user": 1, "content_type": 8, "object_id": "3", "object_repr": "ccarabine12@gmail.com", "action_flag": 1, "change_message": "[{\"added\": {}}]"}}, {"model": "admin.logentry", "pk": 43, "fields": {"action_time": "2022-03-28T08:41:35.981Z", "user": 1, "content_type": 17, "object_id": "1", "object_repr": "Courses", "action_flag": 1, "change_message": "[{\"added\": {}}]"}}, {"model": "admin.logentry", "pk": 44, "fields": {"action_time": "2022-03-28T08:42:20.112Z", "user": 1, "content_type": 17, "object_id": "2", "object_repr": "Events", "action_flag": 1, "change_message": "[{\"added\": {}}]"}}, {"model": "admin.logentry", "pk": 45, "fields": {"action_time": "2022-03-28T08:42:41.767Z", "user": 1, "content_type": 17, "object_id": "3", "object_repr": "Mentorship", "action_flag": 1, "change_message": "[{\"added\": {}}]"}}, {"model": "admin.logentry", "pk": 46, "fields": {"action_time": "2022-03-28T08:43:12.136Z", "user": 1, "content_type": 16, "object_id": "1", "object_repr": "test 1", "action_flag": 1, "change_message": "[{\"added\": {}}]"}}, {"model": "admin.logentry", "pk": 47, "fields": {"action_time": "2022-03-28T08:45:05.056Z", "user": 1, "content_type": 16, "object_id": "1", "object_repr": "Launch Sales Enablement Training For External Partners", "action_flag": 2, "change_message": "[{\"changed\": {\"fields\": [\"Name\", \"Description\", \"Image\"]}}]"}}, {"model": "admin.logentry", "pk": 48, "fields": {"action_time": "2022-03-28T12:01:35.772Z", "user": 1, "content_type": 17, "object_id": "1", "object_repr": "Courses", "action_flag": 2, "change_message": "[{\"changed\": {\"fields\": [\"Friendly name\"]}}]"}}, {"model": "admin.logentry", "pk": 49, "fields": {"action_time": "2022-03-28T12:04:16.206Z", "user": 1, "content_type": 17, "object_id": "1", "object_repr": "courses", "action_flag": 2, "change_message": "[{\"changed\": {\"fields\": [\"Name\"]}}]"}}, {"model": "admin.logentry", "pk": 50, "fields": {"action_time": "2022-03-28T12:06:28.904Z", "user": 1, "content_type": 17, "object_id": "2", "object_repr": "events", "action_flag": 2, "change_message": "[{\"changed\": {\"fields\": [\"Name\"]}}]"}}, {"model": "admin.logentry", "pk": 51, "fields": {"action_time": "2022-03-28T12:06:36.131Z", "user": 1, "content_type": 17, "object_id": "3", "object_repr": "mentorship", "action_flag": 2, "change_message": "[{\"changed\": {\"fields\": [\"Name\"]}}]"}}, {"model": "admin.logentry", "pk": 52, "fields": {"action_time": "2022-03-28T12:06:43.460Z", "user": 1, "content_type": 17, "object_id": "2", "object_repr": "events", "action_flag": 2, "change_message": "[{\"changed\": {\"fields\": [\"Friendly name\"]}}]"}}, {"model": "admin.logentry", "pk": 53, "fields": {"action_time": "2022-03-28T12:06:47.723Z", "user": 1, "content_type": 17, "object_id": "1", "object_repr": "courses", "action_flag": 2, "change_message": "[{\"changed\": {\"fields\": [\"Friendly name\"]}}]"}}, {"model": "admin.logentry", "pk": 54, "fields": {"action_time": "2022-03-28T12:55:39.020Z", "user": 1, "content_type": 16, "object_id": "2", "object_repr": "Steve Jobs", "action_flag": 1, "change_message": "[{\"added\": {}}]"}}, {"model": "admin.logentry", "pk": 55, "fields": {"action_time": "2022-03-28T12:55:55.404Z", "user": 1, "content_type": 16, "object_id": "2", "object_repr": "Steve Jobs", "action_flag": 2, "change_message": "[{\"changed\": {\"fields\": [\"Category\"]}}]"}}, {"model": "admin.logentry", "pk": 56, "fields": {"action_time": "2022-03-28T13:42:52.872Z", "user": 1, "content_type": 16, "object_id": "3", "object_repr": "dasdsad", "action_flag": 1, "change_message": "[{\"added\": {}}]"}}, {"model": "admin.logentry", "pk": 57, "fields": {"action_time": "2022-03-28T15:10:08.931Z", "user": 1, "content_type": 16, "object_id": "3", "object_repr": "dasdsad", "action_flag": 2, "change_message": "[{\"changed\": {\"fields\": [\"Image\"]}}]"}}, {"model": "admin.logentry", "pk": 58, "fields": {"action_time": "2022-03-28T15:35:11.776Z", "user": 1, "content_type": 16, "object_id": "4", "object_repr": "Advanced Interviewing Techniques", "action_flag": 1, "change_message": "[{\"added\": {}}]"}}, {"model": "admin.logentry", "pk": 59, "fields": {"action_time": "2022-03-28T15:37:15.880Z", "user": 1, "content_type": 16, "object_id": "5", "object_repr": "Mastering the Software Engineering Interview", "action_flag": 1, "change_message": "[{\"added\": {}}]"}}, {"model": "admin.logentry", "pk": 60, "fields": {"action_time": "2022-03-28T15:37:55.476Z", "user": 1, "content_type": 16, "object_id": "5", "object_repr": "Mastering the Software Engineering Interview", "action_flag": 2, "change_message": "[{\"changed\": {\"fields\": [\"Category\"]}}]"}}, {"model": "admin.logentry", "pk": 61, "fields": {"action_time": "2022-03-28T16:22:48.264Z", "user": 1, "content_type": 16, "object_id": "6", "object_repr": "Adam Barani", "action_flag": 1, "change_message": "[{\"added\": {}}]"}}, {"model": "admin.logentry", "pk": 62, "fields": {"action_time": "2022-03-28T16:24:01.481Z", "user": 1, "content_type": 16, "object_id": "7", "object_repr": "Mihai Solomon", "action_flag": 1, "change_message": "[{\"added\": {}}]"}}, {"model": "admin.logentry", "pk": 63, "fields": {"action_time": "2022-03-28T16:25:43.056Z", "user": 1, "content_type": 16, "object_id": "8", "object_repr": "Ethan Elliott", "action_flag": 1, "change_message": "[{\"added\": {}}]"}}, {"model": "admin.logentry", "pk": 64, "fields": {"action_time": "2022-03-28T16:26:07.172Z", "user": 1, "content_type": 16, "object_id": "5", "object_repr": "Mastering the Software Engineering Interview", "action_flag": 2, "change_message": "[{\"changed\": {\"fields\": [\"Description\", \"Price\"]}}]"}}, {"model": "admin.logentry", "pk": 65, "fields": {"action_time": "2022-03-28T16:26:28.727Z", "user": 1, "content_type": 16, "object_id": "6", "object_repr": "Adam Barani", "action_flag": 2, "change_message": "[{\"changed\": {\"fields\": [\"Description\", \"Price\"]}}]"}}, {"model": "admin.logentry", "pk": 66, "fields": {"action_time": "2022-03-31T08:26:29.357Z", "user": 1, "content_type": 18, "object_id": "3", "object_repr": "52FFD03C7AA04A889F3E01B26E5ACE1F", "action_flag": 2, "change_message": "[{\"deleted\": {\"name\": \"order line item\", \"object\": \"SKU 4 on order 52FFD03C7AA04A889F3E01B26E5ACE1F\"}}]"}}, {"model": "admin.logentry", "pk": 67, "fields": {"action_time": "2022-03-31T08:26:41.050Z", "user": 1, "content_type": 18, "object_id": "3", "object_repr": "52FFD03C7AA04A889F3E01B26E5ACE1F", "action_flag": 2, "change_message": "[{\"added\": {\"name\": \"order line item\", \"object\": \"SKU 3 on order 52FFD03C7AA04A889F3E01B26E5ACE1F\"}}]"}}, {"model": "admin.logentry", "pk": 68, "fields": {"action_time": "2022-03-31T14:14:58.225Z", "user": 1, "content_type": 4, "object_id": "2", "object_repr": "chris", "action_flag": 3, "change_message": ""}}, {"model": "admin.logentry", "pk": 69, "fields": {"action_time": "2022-03-31T15:00:57.662Z", "user": 1, "content_type": 18, "object_id": "15", "object_repr": "58D7F87DFD04402F89C2E45BAF3F4F15", "action_flag": 2, "change_message": "[]"}}, {"model": "admin.logentry", "pk": 70, "fields": {"action_time": "2022-04-02T09:50:55.564Z", "user": 1, "content_type": 4, "object_id": "5", "object_repr": "ckcabs1", "action_flag": 3, "change_message": ""}}, {"model": "admin.logentry", "pk": 71, "fields": {"action_time": "2022-04-02T10:10:52.189Z", "user": 1, "content_type": 20, "object_id": "1", "object_repr": "admin", "action_flag": 2, "change_message": "[{\"changed\": {\"fields\": [\"Default phone number\", \"Default street address1\", \"Default street address2\", \"Default town or city\", \"Default county\", \"Default postcode\", \"Default country\"]}}]"}}, {"model": "admin.logentry", "pk": 72, "fields": {"action_time": "2022-04-04T06:36:31.589Z", "user": 1, "content_type": 20, "object_id": "1", "object_repr": "admin", "action_flag": 2, "change_message": "[{\"changed\": {\"fields\": [\"Is hiring manager\"]}}]"}}, {"model": "admin.logentry", "pk": 73, "fields": {"action_time": "2022-04-04T07:36:51.416Z", "user": 1, "content_type": 20, "object_id": "1", "object_repr": "admin", "action_flag": 2, "change_message": "[{\"changed\": {\"fields\": [\"Is hiring manager\"]}}]"}}, {"model": "admin.logentry", "pk": 74, "fields": {"action_time": "2022-04-04T07:40:20.258Z", "user": 1, "content_type": 20, "object_id": "1", "object_repr": "admin", "action_flag": 2, "change_message": "[{\"changed\": {\"fields\": [\"Is hiring manager\"]}}]"}}, {"model": "admin.logentry", "pk": 75, "fields": {"action_time": "2022-04-04T10:02:18.825Z", "user": 1, "content_type": 20, "object_id": "1", "object_repr": "admin", "action_flag": 2, "change_message": "[{\"changed\": {\"fields\": [\"Location\", \"Short intro\", \"About\", \"Github link\", \"Linkedin link\"]}}]"}}, {"model": "admin.logentry", "pk": 76, "fields": {"action_time": "2022-04-04T10:02:24.096Z", "user": 1, "content_type": 20, "object_id": "1", "object_repr": "admin", "action_flag": 2, "change_message": "[]"}}, {"model": "admin.logentry", "pk": 77, "fields": {"action_time": "2022-04-04T10:13:43.962Z", "user": 1, "content_type": 20, "object_id": "1", "object_repr": "admin", "action_flag": 2, "change_message": "[{\"changed\": {\"fields\": [\"Profile image\"]}}]"}}, {"model": "admin.logentry", "pk": 78, "fields": {"action_time": "2022-04-04T10:27:15.434Z", "user": 1, "content_type": 20, "object_id": "2", "object_repr": "chris", "action_flag": 2, "change_message": "[{\"changed\": {\"fields\": [\"Profile image\"]}}]"}}, {"model": "admin.logentry", "pk": 79, "fields": {"action_time": "2022-04-04T10:28:16.418Z", "user": 1, "content_type": 20, "object_id": "1", "object_repr": "admin", "action_flag": 2, "change_message": "[{\"changed\": {\"fields\": [\"Short intro\"]}}]"}}, {"model": "admin.logentry", "pk": 80, "fields": {"action_time": "2022-04-04T11:47:47.901Z", "user": 1, "content_type": 20, "object_id": "1", "object_repr": "admin", "action_flag": 2, "change_message": "[{\"changed\": {\"fields\": [\"Short intro\"]}}]"}}, {"model": "admin.logentry", "pk": 81, "fields": {"action_time": "2022-04-04T11:53:16.772Z", "user": 1, "content_type": 20, "object_id": "5", "object_repr": "john", "action_flag": 1, "change_message": "[{\"added\": {}}]"}}, {"model": "admin.logentry", "pk": 82, "fields": {"action_time": "2022-04-04T11:53:56.423Z", "user": 1, "content_type": 4, "object_id": "7", "object_repr": "jamie", "action_flag": 1, "change_message": "[{\"added\": {}}]"}}, {"model": "admin.logentry", "pk": 83, "fields": {"action_time": "2022-04-04T11:54:05.732Z", "user": 1, "content_type": 4, "object_id": "7", "object_repr": "jamie", "action_flag": 2, "change_message": "[]"}}, {"model": "admin.logentry", "pk": 84, "fields": {"action_time": "2022-04-04T11:54:42.400Z", "user": 1, "content_type": 20, "object_id": "6", "object_repr": "jamie", "action_flag": 2, "change_message": "[{\"changed\": {\"fields\": [\"Is hiring manager\", \"Default full name\", \"Location\", \"Short intro\", \"About\"]}}]"}}, {"model": "admin.logentry", "pk": 85, "fields": {"action_time": "2022-04-04T12:11:22.243Z", "user": 1, "content_type": 4, "object_id": "8", "object_repr": "Alex", "action_flag": 1, "change_message": "[{\"added\": {}}]"}}, {"model": "admin.logentry", "pk": 86, "fields": {"action_time": "2022-04-04T12:12:45.577Z", "user": 1, "content_type": 20, "object_id": "7", "object_repr": "Alex", "action_flag": 2, "change_message": "[{\"changed\": {\"fields\": [\"Location\", \"Short intro\", \"About\", \"Profile image\"]}}]"}}, {"model": "admin.logentry", "pk": 87, "fields": {"action_time": "2022-04-04T12:23:14.013Z", "user": 1, "content_type": 20, "object_id": "1", "object_repr": "admin", "action_flag": 2, "change_message": "[{\"changed\": {\"fields\": [\"Short intro\"]}}]"}}, {"model": "admin.logentry", "pk": 88, "fields": {"action_time": "2022-04-04T13:38:51.004Z", "user": 1, "content_type": 20, "object_id": "1", "object_repr": "admin", "action_flag": 2, "change_message": "[{\"changed\": {\"fields\": [\"Is hiring manager\"]}}]"}}, {"model": "admin.logentry", "pk": 89, "fields": {"action_time": "2022-04-04T13:39:35.617Z", "user": 1, "content_type": 20, "object_id": "1", "object_repr": "admin", "action_flag": 2, "change_message": "[{\"changed\": {\"fields\": [\"Is hiring manager\"]}}]"}}, {"model": "admin.logentry", "pk": 90, "fields": {"action_time": "2022-04-04T15:41:06.959Z", "user": 1, "content_type": 21, "object_id": "1", "object_repr": "Python", "action_flag": 1, "change_message": "[{\"added\": {}}]"}}, {"model": "admin.logentry", "pk": 91, "fields": {"action_time": "2022-04-04T15:41:13.238Z", "user": 1, "content_type": 21, "object_id": "2", "object_repr": "Django", "action_flag": 1, "change_message": "[{\"added\": {}}]"}}, {"model": "admin.logentry", "pk": 92, "fields": {"action_time": "2022-04-04T15:41:25.357Z", "user": 1, "content_type": 21, "object_id": "3", "object_repr": "Django", "action_flag": 1, "change_message": "[{\"added\": {}}]"}}, {"model": "admin.logentry", "pk": 93, "fields": {"action_time": "2022-04-04T15:41:38.866Z", "user": 1, "content_type": 21, "object_id": "4", "object_repr": "React", "action_flag": 1, "change_message": "[{\"added\": {}}]"}}, {"model": "admin.logentry", "pk": 94, "fields": {"action_time": "2022-04-04T15:55:47.118Z", "user": 1, "content_type": 20, "object_id": "7", "object_repr": "Alex", "action_flag": 2, "change_message": "[{\"changed\": {\"fields\": [\"Default full name\"]}}]"}}, {"model": "admin.logentry", "pk": 95, "fields": {"action_time": "2022-04-04T15:56:07.802Z", "user": 1, "content_type": 20, "object_id": "4", "object_repr": "ckcabs1", "action_flag": 2, "change_message": "[{\"changed\": {\"fields\": [\"Default full name\"]}}]"}}, {"model": "admin.logentry", "pk": 96, "fields": {"action_time": "2022-04-04T15:56:21.514Z", "user": 1, "content_type": 20, "object_id": "2", "object_repr": "chris", "action_flag": 2, "change_message": "[{\"changed\": {\"fields\": [\"Default full name\", \"Default phone number\", \"Default email\", \"Default street address1\", \"Default town or city\"]}}]"}}, {"model": "admin.logentry", "pk": 97, "fields": {"action_time": "2022-04-04T16:51:15.758Z", "user": 1, "content_type": 20, "object_id": "1", "object_repr": "admin", "action_flag": 2, "change_message": "[{\"changed\": {\"fields\": [\"Short intro\"]}}]"}}, {"model": "admin.logentry", "pk": 98, "fields": {"action_time": "2022-04-04T17:10:23.067Z", "user": 1, "content_type": 21, "object_id": "5", "object_repr": "CSS", "action_flag": 1, "change_message": "[{\"added\": {}}]"}}, {"model": "admin.logentry", "pk": 99, "fields": {"action_time": "2022-04-04T17:34:33.412Z", "user": 1, "content_type": 20, "object_id": "1", "object_repr": "admin", "action_flag": 2, "change_message": "[]"}}, {"model": "admin.logentry", "pk": 100, "fields": {"action_time": "2022-04-04T17:43:03.880Z", "user": 1, "content_type": 20, "object_id": "1", "object_repr": "admin", "action_flag": 2, "change_message": "[{\"changed\": {\"fields\": [\"Cv file\"]}}]"}}, {"model": "admin.logentry", "pk": 101, "fields": {"action_time": "2022-04-04T18:48:08.183Z", "user": 1, "content_type": 20, "object_id": "1", "object_repr": "admin", "action_flag": 2, "change_message": "[{\"changed\": {\"fields\": [\"Short intro\"]}}]"}}, {"model": "admin.logentry", "pk": 102, "fields": {"action_time": "2022-04-04T18:48:16.568Z", "user": 1, "content_type": 20, "object_id": "1", "object_repr": "admin", "action_flag": 2, "change_message": "[]"}}, {"model": "admin.logentry", "pk": 103, "fields": {"action_time": "2022-04-05T09:57:17.146Z", "user": 1, "content_type": 20, "object_id": "2", "object_repr": "chris", "action_flag": 2, "change_message": "[{\"changed\": {\"fields\": [\"Short intro\"]}}]"}}, {"model": "admin.logentry", "pk": 104, "fields": {"action_time": "2022-04-05T09:57:26.789Z", "user": 1, "content_type": 20, "object_id": "1", "object_repr": "admin", "action_flag": 2, "change_message": "[{\"changed\": {\"fields\": [\"Short intro\"]}}]"}}, {"model": "admin.logentry", "pk": 105, "fields": {"action_time": "2022-04-05T10:16:12.798Z", "user": 1, "content_type": 4, "object_id": "9", "object_repr": "Hadley", "action_flag": 1, "change_message": "[{\"added\": {}}]"}}, {"model": "admin.logentry", "pk": 106, "fields": {"action_time": "2022-04-05T10:16:20.267Z", "user": 1, "content_type": 4, "object_id": "9", "object_repr": "Hadley", "action_flag": 2, "change_message": "[]"}}, {"model": "admin.logentry", "pk": 107, "fields": {"action_time": "2022-04-05T10:19:01.868Z", "user": 1, "content_type": 20, "object_id": "8", "object_repr": "Hadley", "action_flag": 2, "change_message": "[{\"changed\": {\"fields\": [\"Default full name\", \"Location\", \"Short intro\", \"About\", \"Profile image\", \"Github link\", \"Linkedin link\"]}}]"}}, {"model": "admin.logentry", "pk": 108, "fields": {"action_time": "2022-04-05T15:45:26.059Z", "user": 1, "content_type": 20, "object_id": "1", "object_repr": "admin", "action_flag": 2, "change_message": "[{\"changed\": {\"fields\": [\"Default phone number\", \"Default email\", \"Default street address1\", \"Default street address2\", \"Default town or city\", \"Default county\", \"Default postcode\", \"Default country\", \"Short intro\"]}}]"}}, {"model": "admin.logentry", "pk": 109, "fields": {"action_time": "2022-04-05T15:47:56.338Z", "user": 1, "content_type": 20, "object_id": "8", "object_repr": "Hadley", "action_flag": 2, "change_message": "[{\"changed\": {\"fields\": [\"Is hiring manager\", \"Default full name\", \"Default phone number\", \"Default email\", \"Default street address1\", \"Default street address2\", \"Default town or city\", \"Default county\", \"Default postcode\", \"Default country\"]}}]"}}, {"model": "admin.logentry", "pk": 110, "fields": {"action_time": "2022-04-05T15:50:36.109Z", "user": 1, "content_type": 8, "object_id": "7", "object_repr": "test@hotmail.com", "action_flag": 1, "change_message": "[{\"added\": {}}]"}}, {"model": "admin.logentry", "pk": 111, "fields": {"action_time": "2022-04-05T16:02:48.034Z", "user": 1, "content_type": 20, "object_id": "7", "object_repr": "Alex", "action_flag": 2, "change_message": "[{\"changed\": {\"fields\": [\"Default email\"]}}]"}}, {"model": "admin.logentry", "pk": 112, "fields": {"action_time": "2022-04-05T18:07:05.860Z", "user": 1, "content_type": 20, "object_id": "9", "object_repr": "louise", "action_flag": 2, "change_message": "[{\"changed\": {\"fields\": [\"Default full name\"]}}]"}}, {"model": "admin.logentry", "pk": 113, "fields": {"action_time": "2022-04-05T18:12:07.188Z", "user": 1, "content_type": 4, "object_id": "10", "object_repr": "louise", "action_flag": 3, "change_message": ""}}, {"model": "admin.logentry", "pk": 114, "fields": {"action_time": "2022-04-05T18:24:50.780Z", "user": 1, "content_type": 4, "object_id": "11", "object_repr": "louise", "action_flag": 3, "change_message": ""}}, {"model": "admin.logentry", "pk": 115, "fields": {"action_time": "2022-04-05T18:51:02.560Z", "user": 1, "content_type": 4, "object_id": "13", "object_repr": "czxcxcz", "action_flag": 1, "change_message": "[{\"added\": {}}]"}}, {"model": "admin.logentry", "pk": 116, "fields": {"action_time": "2022-04-05T18:56:25.392Z", "user": 1, "content_type": 4, "object_id": "13", "object_repr": "czxcxcz", "action_flag": 2, "change_message": "[]"}}, {"model": "admin.logentry", "pk": 117, "fields": {"action_time": "2022-04-05T18:56:36.143Z", "user": 1, "content_type": 4, "object_id": "14", "object_repr": "betty", "action_flag": 1, "change_message": "[{\"added\": {}}]"}}, {"model": "admin.logentry", "pk": 118, "fields": {"action_time": "2022-04-06T05:25:59.529Z", "user": 1, "content_type": 4, "object_id": "12", "object_repr": "louise", "action_flag": 3, "change_message": ""}}, {"model": "admin.logentry", "pk": 119, "fields": {"action_time": "2022-04-06T05:26:14.945Z", "user": 1, "content_type": 4, "object_id": "15", "object_repr": "louise", "action_flag": 1, "change_message": "[{\"added\": {}}]"}}, {"model": "admin.logentry", "pk": 120, "fields": {"action_time": "2022-04-06T05:34:54.432Z", "user": 1, "content_type": 4, "object_id": "15", "object_repr": "louise", "action_flag": 3, "change_message": ""}}, {"model": "admin.logentry", "pk": 121, "fields": {"action_time": "2022-04-06T05:35:08.974Z", "user": 1, "content_type": 4, "object_id": "16", "object_repr": "louise", "action_flag": 1, "change_message": "[{\"added\": {}}]"}}, {"model": "admin.logentry", "pk": 122, "fields": {"action_time": "2022-04-06T05:38:08.759Z", "user": 1, "content_type": 4, "object_id": "16", "object_repr": "louise", "action_flag": 3, "change_message": ""}}, {"model": "admin.logentry", "pk": 123, "fields": {"action_time": "2022-04-06T05:38:23.036Z", "user": 1, "content_type": 4, "object_id": "17", "object_repr": "louise", "action_flag": 1, "change_message": "[{\"added\": {}}]"}}, {"model": "admin.logentry", "pk": 124, "fields": {"action_time": "2022-04-06T05:38:28.738Z", "user": 1, "content_type": 4, "object_id": "17", "object_repr": "louise", "action_flag": 2, "change_message": "[]"}}, {"model": "admin.logentry", "pk": 125, "fields": {"action_time": "2022-04-06T05:39:20.722Z", "user": 1, "content_type": 4, "object_id": "17", "object_repr": "louise", "action_flag": 3, "change_message": ""}}, {"model": "admin.logentry", "pk": 126, "fields": {"action_time": "2022-04-06T05:39:36.387Z", "user": 1, "content_type": 4, "object_id": "18", "object_repr": "louise", "action_flag": 1, "change_message": "[{\"added\": {}}]"}}, {"model": "admin.logentry", "pk": 127, "fields": {"action_time": "2022-04-06T05:39:40.182Z", "user": 1, "content_type": 4, "object_id": "18", "object_repr": "louise", "action_flag": 2, "change_message": "[]"}}, {"model": "admin.logentry", "pk": 128, "fields": {"action_time": "2022-04-06T05:41:50.880Z", "user": 1, "content_type": 4, "object_id": "18", "object_repr": "louise", "action_flag": 3, "change_message": ""}}, {"model": "admin.logentry", "pk": 129, "fields": {"action_time": "2022-04-06T05:42:18.674Z", "user": 1, "content_type": 4, "object_id": "19", "object_repr": "louise", "action_flag": 1, "change_message": "[{\"added\": {}}]"}}, {"model": "admin.logentry", "pk": 130, "fields": {"action_time": "2022-04-06T05:42:22.583Z", "user": 1, "content_type": 4, "object_id": "19", "object_repr": "louise", "action_flag": 2, "change_message": "[]"}}, {"model": "admin.logentry", "pk": 131, "fields": {"action_time": "2022-04-06T05:43:22.833Z", "user": 1, "content_type": 4, "object_id": "20", "object_repr": "christn", "action_flag": 1, "change_message": "[{\"added\": {}}]"}}, {"model": "admin.logentry", "pk": 132, "fields": {"action_time": "2022-04-06T05:44:22.770Z", "user": 1, "content_type": 4, "object_id": "21", "object_repr": "bennn", "action_flag": 1, "change_message": "[{\"added\": {}}]"}}, {"model": "admin.logentry", "pk": 133, "fields": {"action_time": "2022-04-06T05:44:29.334Z", "user": 1, "content_type": 4, "object_id": "21", "object_repr": "bennn", "action_flag": 2, "change_message": "[]"}}, {"model": "admin.logentry", "pk": 134, "fields": {"action_time": "2022-04-06T05:53:52.720Z", "user": 1, "content_type": 4, "object_id": "22", "object_repr": "fdfsfsdf", "action_flag": 1, "change_message": "[{\"added\": {}}]"}}, {"model": "admin.logentry", "pk": 135, "fields": {"action_time": "2022-04-06T05:54:00.622Z", "user": 1, "content_type": 4, "object_id": "22", "object_repr": "fdfsfsdf", "action_flag": 2, "change_message": "[]"}}, {"model": "admin.logentry", "pk": 136, "fields": {"action_time": "2022-04-06T06:05:35.663Z", "user": 1, "content_type": 4, "object_id": "23", "object_repr": "ssddsd", "action_flag": 1, "change_message": "[{\"added\": {}}]"}}, {"model": "admin.logentry", "pk": 137, "fields": {"action_time": "2022-04-06T06:05:40.090Z", "user": 1, "content_type": 4, "object_id": "23", "object_repr": "ssddsd", "action_flag": 2, "change_message": "[]"}}, {"model": "admin.logentry", "pk": 138, "fields": {"action_time": "2022-04-06T06:07:23.980Z", "user": 1, "content_type": 4, "object_id": "24", "object_repr": "fsdfdsfs", "action_flag": 1, "change_message": "[{\"added\": {}}]"}}, {"model": "admin.logentry", "pk": 139, "fields": {"action_time": "2022-04-06T06:07:28.225Z", "user": 1, "content_type": 4, "object_id": "24", "object_repr": "fsdfdsfs", "action_flag": 2, "change_message": "[]"}}, {"model": "admin.logentry", "pk": 140, "fields": {"action_time": "2022-04-06T06:13:49.466Z", "user": 1, "content_type": 4, "object_id": "25", "object_repr": "Ckcabs@hotmail.comxx", "action_flag": 1, "change_message": "[{\"added\": {}}]"}}, {"model": "admin.logentry", "pk": 141, "fields": {"action_time": "2022-04-06T06:28:26.684Z", "user": 1, "content_type": 20, "object_id": "24", "object_repr": "Ckcabs@hotmail.comxx", "action_flag": 3, "change_message": ""}}, {"model": "admin.logentry", "pk": 142, "fields": {"action_time": "2022-04-06T06:28:34.707Z", "user": 1, "content_type": 4, "object_id": "25", "object_repr": "Ckcabs@hotmail.comxx", "action_flag": 3, "change_message": ""}}, {"model": "admin.logentry", "pk": 143, "fields": {"action_time": "2022-04-06T06:30:05.631Z", "user": 1, "content_type": 20, "object_id": "23", "object_repr": "fsdfdsfs", "action_flag": 3, "change_message": ""}}, {"model": "admin.logentry", "pk": 144, "fields": {"action_time": "2022-04-06T06:30:33.165Z", "user": 1, "content_type": 20, "object_id": "22", "object_repr": "ssddsd", "action_flag": 3, "change_message": ""}}, {"model": "admin.logentry", "pk": 145, "fields": {"action_time": "2022-04-06T06:35:17.912Z", "user": 1, "content_type": 4, "object_id": "26", "object_repr": "fgfdgfgfdg", "action_flag": 1, "change_message": "[{\"added\": {}}]"}}, {"model": "admin.logentry", "pk": 146, "fields": {"action_time": "2022-04-06T06:39:24.515Z", "user": 1, "content_type": 4, "object_id": "27", "object_repr": "csfsfdasdsa", "action_flag": 1, "change_message": "[{\"added\": {}}]"}}, {"model": "admin.logentry", "pk": 147, "fields": {"action_time": "2022-04-06T07:25:53.325Z", "user": 1, "content_type": 4, "object_id": "6", "object_repr": "ckcabs1", "action_flag": 3, "change_message": ""}}, {"model": "admin.logentry", "pk": 148, "fields": {"action_time": "2022-04-06T07:25:53.327Z", "user": 1, "content_type": 4, "object_id": "27", "object_repr": "csfsfdasdsa", "action_flag": 3, "change_message": ""}}, {"model": "admin.logentry", "pk": 149, "fields": {"action_time": "2022-04-06T07:25:53.329Z", "user": 1, "content_type": 4, "object_id": "13", "object_repr": "czxcxcz", "action_flag": 3, "change_message": ""}}, {"model": "admin.logentry", "pk": 150, "fields": {"action_time": "2022-04-06T07:25:53.330Z", "user": 1, "content_type": 4, "object_id": "22", "object_repr": "fdfsfsdf", "action_flag": 3, "change_message": ""}}, {"model": "admin.logentry", "pk": 151, "fields": {"action_time": "2022-04-06T07:25:53.331Z", "user": 1, "content_type": 4, "object_id": "26", "object_repr": "fgfdgfgfdg", "action_flag": 3, "change_message": ""}}, {"model": "admin.logentry", "pk": 152, "fields": {"action_time": "2022-04-06T07:25:53.333Z", "user": 1, "content_type": 4, "object_id": "7", "object_repr": "jamie", "action_flag": 3, "change_message": ""}}, {"model": "admin.logentry", "pk": 153, "fields": {"action_time": "2022-04-06T07:25:53.334Z", "user": 1, "content_type": 4, "object_id": "3", "object_repr": "john", "action_flag": 3, "change_message": ""}}, {"model": "admin.logentry", "pk": 154, "fields": {"action_time": "2022-04-06T07:25:53.335Z", "user": 1, "content_type": 4, "object_id": "19", "object_repr": "louise", "action_flag": 3, "change_message": ""}}, {"model": "admin.logentry", "pk": 155, "fields": {"action_time": "2022-04-06T08:11:03.397Z", "user": 1, "content_type": 20, "object_id": "1", "object_repr": "admin", "action_flag": 2, "change_message": "[{\"changed\": {\"fields\": [\"Github link\", \"Linkedin link\"]}}]"}}, {"model": "admin.logentry", "pk": 156, "fields": {"action_time": "2022-04-06T08:11:28.060Z", "user": 1, "content_type": 21, "object_id": "2", "object_repr": "Django", "action_flag": 2, "change_message": "[{\"changed\": {\"fields\": [\"Owner\"]}}]"}}, {"model": "admin.logentry", "pk": 157, "fields": {"action_time": "2022-04-06T08:11:33.114Z", "user": 1, "content_type": 21, "object_id": "5", "object_repr": "CSS", "action_flag": 2, "change_message": "[{\"changed\": {\"fields\": [\"Owner\"]}}]"}}, {"model": "admin.logentry", "pk": 158, "fields": {"action_time": "2022-04-06T08:11:43.842Z", "user": 1, "content_type": 21, "object_id": "3", "object_repr": "Django", "action_flag": 2, "change_message": "[{\"changed\": {\"fields\": [\"Owner\"]}}]"}}, {"model": "admin.logentry", "pk": 159, "fields": {"action_time": "2022-04-06T09:07:30.936Z", "user": 1, "content_type": 20, "object_id": "1", "object_repr": "admin", "action_flag": 2, "change_message": "[{\"changed\": {\"fields\": [\"Default country\"]}}]"}}, {"model": "admin.logentry", "pk": 160, "fields": {"action_time": "2022-04-06T11:36:42.940Z", "user": 1, "content_type": 20, "object_id": "1", "object_repr": "admin", "action_flag": 2, "change_message": "[{\"changed\": {\"fields\": [\"Short intro\", \"Profile image\"]}}]"}}, {"model": "admin.logentry", "pk": 161, "fields": {"action_time": "2022-04-06T12:12:30.595Z", "user": 1, "content_type": 20, "object_id": "1", "object_repr": "admin", "action_flag": 2, "change_message": "[{\"changed\": {\"fields\": [\"Is hiring manager\"]}}]"}}, {"model": "admin.logentry", "pk": 162, "fields": {"action_time": "2022-04-06T12:14:22.447Z", "user": 1, "content_type": 20, "object_id": "1", "object_repr": "admin", "action_flag": 2, "change_message": "[{\"changed\": {\"fields\": [\"Is hiring manager\"]}}]"}}, {"model": "admin.logentry", "pk": 163, "fields": {"action_time": "2022-04-06T12:19:14.319Z", "user": 1, "content_type": 20, "object_id": "1", "object_repr": "admin", "action_flag": 2, "change_message": "[{\"changed\": {\"fields\": [\"Is hiring manager\"]}}]"}}, {"model": "admin.logentry", "pk": 164, "fields": {"action_time": "2022-04-06T13:00:20.826Z", "user": 1, "content_type": 20, "object_id": "1", "object_repr": "admin", "action_flag": 2, "change_message": "[{\"changed\": {\"fields\": [\"Is hiring manager\", \"Default full name\", \"Default phone number\", \"Default email\", \"Default street address1\", \"Default street address2\", \"Default town or city\", \"Default postcode\", \"Default country\"]}}]"}}, {"model": "admin.logentry", "pk": 165, "fields": {"action_time": "2022-04-06T13:02:59.008Z", "user": 1, "content_type": 20, "object_id": "1", "object_repr": "admin", "action_flag": 2, "change_message": "[{\"changed\": {\"fields\": [\"Is hiring manager\"]}}]"}}, {"model": "admin.logentry", "pk": 166, "fields": {"action_time": "2022-04-06T13:03:03.449Z", "user": 1, "content_type": 20, "object_id": "1", "object_repr": "admin", "action_flag": 2, "change_message": "[]"}}, {"model": "admin.logentry", "pk": 167, "fields": {"action_time": "2022-04-06T14:22:16.874Z", "user": 1, "content_type": 20, "object_id": "1", "object_repr": "admin", "action_flag": 2, "change_message": "[{\"changed\": {\"fields\": [\"Is hiring manager\"]}}]"}}, {"model": "admin.logentry", "pk": 168, "fields": {"action_time": "2022-04-06T14:42:43.905Z", "user": 1, "content_type": 20, "object_id": "1", "object_repr": "admin", "action_flag": 2, "change_message": "[{\"changed\": {\"fields\": [\"Default postcode\"]}}]"}}, {"model": "admin.logentry", "pk": 169, "fields": {"action_time": "2022-04-06T15:05:41.289Z", "user": 1, "content_type": 20, "object_id": "1", "object_repr": "admin", "action_flag": 2, "change_message": "[{\"changed\": {\"fields\": [\"Is hiring manager\"]}}]"}}, {"model": "admin.logentry", "pk": 170, "fields": {"action_time": "2022-04-06T16:18:59.141Z", "user": 1, "content_type": 20, "object_id": "1", "object_repr": "admin", "action_flag": 2, "change_message": "[{\"changed\": {\"fields\": [\"Is hiring manager\"]}}]"}}, {"model": "admin.logentry", "pk": 171, "fields": {"action_time": "2022-04-06T16:25:27.556Z", "user": 1, "content_type": 20, "object_id": "1", "object_repr": "admin", "action_flag": 2, "change_message": "[{\"changed\": {\"fields\": [\"Is hiring manager\"]}}]"}}, {"model": "admin.logentry", "pk": 172, "fields": {"action_time": "2022-04-06T16:25:42.759Z", "user": 1, "content_type": 20, "object_id": "1", "object_repr": "admin", "action_flag": 2, "change_message": "[{\"changed\": {\"fields\": [\"Default phone number\", \"Default street address1\", \"Default street address2\", \"Default town or city\", \"Default county\", \"Default postcode\", \"Default country\"]}}]"}}, {"model": "admin.logentry", "pk": 173, "fields": {"action_time": "2022-04-06T16:26:54.127Z", "user": 1, "content_type": 20, "object_id": "1", "object_repr": "admin", "action_flag": 2, "change_message": "[{\"changed\": {\"fields\": [\"Is hiring manager\"]}}]"}}, {"model": "admin.logentry", "pk": 174, "fields": {"action_time": "2022-04-06T16:47:46.011Z", "user": 1, "content_type": 20, "object_id": "1", "object_repr": "admin", "action_flag": 2, "change_message": "[{\"changed\": {\"fields\": [\"Is hiring manager\"]}}]"}}, {"model": "admin.logentry", "pk": 175, "fields": {"action_time": "2022-04-06T17:58:49.298Z", "user": 1, "content_type": 4, "object_id": "21", "object_repr": "bennn", "action_flag": 3, "change_message": ""}}, {"model": "admin.logentry", "pk": 176, "fields": {"action_time": "2022-04-06T17:58:49.300Z", "user": 1, "content_type": 4, "object_id": "14", "object_repr": "betty", "action_flag": 3, "change_message": ""}}, {"model": "admin.logentry", "pk": 177, "fields": {"action_time": "2022-04-06T17:58:49.301Z", "user": 1, "content_type": 4, "object_id": "20", "object_repr": "christn", "action_flag": 3, "change_message": ""}}, {"model": "admin.logentry", "pk": 178, "fields": {"action_time": "2022-04-06T17:58:49.302Z", "user": 1, "content_type": 4, "object_id": "28", "object_repr": "dfasdfsa", "action_flag": 3, "change_message": ""}}, {"model": "admin.logentry", "pk": 179, "fields": {"action_time": "2022-04-07T08:32:16.237Z", "user": 1, "content_type": 21, "object_id": "20", "object_repr": "Django177742", "action_flag": 2, "change_message": "[{\"changed\": {\"fields\": [\"Name\"]}}]"}}, {"model": "admin.logentry", "pk": 180, "fields": {"action_time": "2022-04-07T08:41:01.822Z", "user": 1, "content_type": 21, "object_id": "20", "object_repr": "Django177742", "action_flag": 3, "change_message": ""}}, {"model": "admin.logentry", "pk": 181, "fields": {"action_time": "2022-04-07T08:41:01.824Z", "user": 1, "content_type": 21, "object_id": "19", "object_repr": "Django1777", "action_flag": 3, "change_message": ""}}, {"model": "admin.logentry", "pk": 182, "fields": {"action_time": "2022-04-07T08:41:01.825Z", "user": 1, "content_type": 21, "object_id": "18", "object_repr": "Django177", "action_flag": 3, "change_message": ""}}, {"model": "admin.logentry", "pk": 183, "fields": {"action_time": "2022-04-07T08:41:01.826Z", "user": 1, "content_type": 21, "object_id": "17", "object_repr": "Django17", "action_flag": 3, "change_message": ""}}, {"model": "admin.logentry", "pk": 184, "fields": {"action_time": "2022-04-07T08:41:01.828Z", "user": 1, "content_type": 21, "object_id": "16", "object_repr": "Django17", "action_flag": 3, "change_message": ""}}, {"model": "admin.logentry", "pk": 185, "fields": {"action_time": "2022-04-07T08:41:01.829Z", "user": 1, "content_type": 21, "object_id": "15", "object_repr": "Django1", "action_flag": 3, "change_message": ""}}, {"model": "admin.logentry", "pk": 186, "fields": {"action_time": "2022-04-07T08:41:01.830Z", "user": 1, "content_type": 21, "object_id": "14", "object_repr": "None", "action_flag": 3, "change_message": ""}}, {"model": "admin.logentry", "pk": 187, "fields": {"action_time": "2022-04-07T08:41:01.831Z", "user": 1, "content_type": 21, "object_id": "13", "object_repr": "CSS", "action_flag": 3, "change_message": ""}}, {"model": "admin.logentry", "pk": 188, "fields": {"action_time": "2022-04-07T08:41:01.832Z", "user": 1, "content_type": 21, "object_id": "11", "object_repr": "None", "action_flag": 3, "change_message": ""}}, {"model": "admin.logentry", "pk": 189, "fields": {"action_time": "2022-04-07T08:41:01.833Z", "user": 1, "content_type": 21, "object_id": "6", "object_repr": "fd", "action_flag": 3, "change_message": ""}}, {"model": "admin.logentry", "pk": 190, "fields": {"action_time": "2022-04-07T09:53:56.781Z", "user": 1, "content_type": 13, "object_id": "3", "object_repr": "Interviews", "action_flag": 2, "change_message": "[{\"changed\": {\"fields\": [\"Topic_image\"]}}]"}}, {"model": "admin.logentry", "pk": 191, "fields": {"action_time": "2022-04-07T11:22:43.863Z", "user": 1, "content_type": 13, "object_id": "8", "object_repr": "gfdg", "action_flag": 2, "change_message": "[{\"changed\": {\"fields\": [\"Slug\"]}}]"}}, {"model": "admin.logentry", "pk": 192, "fields": {"action_time": "2022-04-07T11:22:54.745Z", "user": 1, "content_type": 13, "object_id": "6", "object_repr": "gdf", "action_flag": 2, "change_message": "[{\"changed\": {\"fields\": [\"Slug\"]}}]"}}, {"model": "admin.logentry", "pk": 193, "fields": {"action_time": "2022-04-07T11:23:02.774Z", "user": 1, "content_type": 13, "object_id": "9", "object_repr": "dfg", "action_flag": 2, "change_message": "[{\"changed\": {\"fields\": [\"Slug\"]}}]"}}, {"model": "admin.logentry", "pk": 194, "fields": {"action_time": "2022-04-07T11:23:08.400Z", "user": 1, "content_type": 13, "object_id": "3", "object_repr": "Interviews", "action_flag": 2, "change_message": "[{\"changed\": {\"fields\": [\"Slug\"]}}]"}}, {"model": "admin.logentry", "pk": 195, "fields": {"action_time": "2022-04-07T11:23:14.974Z", "user": 1, "content_type": 13, "object_id": "1", "object_repr": "Interview", "action_flag": 2, "change_message": "[]"}}, {"model": "admin.logentry", "pk": 196, "fields": {"action_time": "2022-04-07T11:23:18.528Z", "user": 1, "content_type": 13, "object_id": "1", "object_repr": "Interview", "action_flag": 2, "change_message": "[]"}}, {"model": "admin.logentry", "pk": 197, "fields": {"action_time": "2022-04-07T15:00:59.296Z", "user": 1, "content_type": 20, "object_id": "7", "object_repr": "Alex", "action_flag": 2, "change_message": "[{\"changed\": {\"fields\": [\"Profile image\"]}}]"}}, {"model": "admin.logentry", "pk": 198, "fields": {"action_time": "2022-04-07T15:01:12.397Z", "user": 1, "content_type": 20, "object_id": "8", "object_repr": "Hadley", "action_flag": 2, "change_message": "[{\"changed\": {\"fields\": [\"Profile image\"]}}]"}}, {"model": "admin.logentry", "pk": 199, "fields": {"action_time": "2022-04-07T15:01:25.531Z", "user": 1, "content_type": 20, "object_id": "1", "object_repr": "admin", "action_flag": 2, "change_message": "[{\"changed\": {\"fields\": [\"Profile image\", \"Cv file\"]}}]"}}, {"model": "admin.logentry", "pk": 200, "fields": {"action_time": "2022-04-07T15:01:34.239Z", "user": 1, "content_type": 20, "object_id": "2", "object_repr": "chris", "action_flag": 2, "change_message": "[{\"changed\": {\"fields\": [\"Profile image\"]}}]"}}, {"model": "admin.logentry", "pk": 201, "fields": {"action_time": "2022-04-07T15:07:01.546Z", "user": 1, "content_type": 4, "object_id": "1", "object_repr": "ccarabine12@gmail.com", "action_flag": 2, "change_message": "[{\"changed\": {\"fields\": [\"Username\", \"First name\", \"Last name\"]}}]"}}, {"model": "admin.logentry", "pk": 202, "fields": {"action_time": "2022-04-07T15:09:16.102Z", "user": 1, "content_type": 20, "object_id": "1", "object_repr": "ccarabine12@gmail.com", "action_flag": 2, "change_message": "[{\"changed\": {\"fields\": [\"Profile image\", \"Cv file\"]}}]"}}, {"model": "admin.logentry", "pk": 203, "fields": {"action_time": "2022-04-07T15:56:50.179Z", "user": 1, "content_type": 20, "object_id": "1", "object_repr": "ccarabine12@gmail.com", "action_flag": 2, "change_message": "[{\"changed\": {\"fields\": [\"Short intro\"]}}]"}}, {"model": "admin.logentry", "pk": 204, "fields": {"action_time": "2022-04-07T16:22:48.757Z", "user": 1, "content_type": 20, "object_id": "1", "object_repr": "ccarabine12@gmail.com", "action_flag": 2, "change_message": "[{\"changed\": {\"fields\": [\"Location\", \"Profile image\"]}}]"}}, {"model": "admin.logentry", "pk": 205, "fields": {"action_time": "2022-04-07T16:31:07.170Z", "user": 1, "content_type": 20, "object_id": "1", "object_repr": "ccarabine12@gmail.com", "action_flag": 2, "change_message": "[{\"changed\": {\"fields\": [\"Profile image\"]}}]"}}, {"model": "admin.logentry", "pk": 206, "fields": {"action_time": "2022-04-07T16:31:19.842Z", "user": 1, "content_type": 20, "object_id": "1", "object_repr": "ccarabine12@gmail.com", "action_flag": 2, "change_message": "[{\"changed\": {\"fields\": [\"Cv file\"]}}]"}}, {"model": "admin.logentry", "pk": 207, "fields": {"action_time": "2022-04-07T17:17:28.904Z", "user": 1, "content_type": 20, "object_id": "1", "object_repr": "ccarabine12@gmail.com", "action_flag": 2, "change_message": "[{\"changed\": {\"fields\": [\"Profile image\"]}}]"}}, {"model": "admin.logentry", "pk": 208, "fields": {"action_time": "2022-04-07T19:16:50.620Z", "user": 29, "content_type": 4, "object_id": "30", "object_repr": "daniel", "action_flag": 1, "change_message": "[{\"added\": {}}]"}}, {"model": "admin.logentry", "pk": 209, "fields": {"action_time": "2022-04-07T19:16:54.541Z", "user": 29, "content_type": 4, "object_id": "30", "object_repr": "daniel", "action_flag": 2, "change_message": "[]"}}, {"model": "admin.logentry", "pk": 210, "fields": {"action_time": "2022-04-07T19:17:58.664Z", "user": 29, "content_type": 8, "object_id": "12", "object_repr": "Ckcabs@hotmail.comdd", "action_flag": 1, "change_message": "[{\"added\": {}}]"}}, {"model": "admin.logentry", "pk": 211, "fields": {"action_time": "2022-04-08T06:30:37.915Z", "user": 29, "content_type": 4, "object_id": "29", "object_repr": "admin1", "action_flag": 2, "change_message": "[{\"changed\": {\"fields\": [\"First name\", \"Last name\"]}}]"}}, {"model": "admin.logentry", "pk": 212, "fields": {"action_time": "2022-04-08T06:31:19.930Z", "user": 29, "content_type": 20, "object_id": "9", "object_repr": "admin1", "action_flag": 2, "change_message": "[{\"changed\": {\"fields\": [\"Default full name\", \"Default phone number\", \"Default email\", \"Default street address1\", \"Default street address2\", \"Default town or city\", \"Default county\", \"Default postcode\", \"Default country\", \"Location\", \"Short intro\", \"Github link\", \"Linkedin link\"]}}]"}}, {"model": "admin.logentry", "pk": 213, "fields": {"action_time": "2022-04-08T06:42:10.821Z", "user": 29, "content_type": 4, "object_id": "31", "object_repr": "daniel", "action_flag": 1, "change_message": "[{\"added\": {}}]"}}, {"model": "admin.logentry", "pk": 214, "fields": {"action_time": "2022-04-08T06:42:13.338Z", "user": 29, "content_type": 4, "object_id": "31", "object_repr": "daniel", "action_flag": 2, "change_message": "[]"}}, {"model": "admin.logentry", "pk": 215, "fields": {"action_time": "2022-04-08T06:44:13.339Z", "user": 29, "content_type": 8, "object_id": "13", "object_repr": "Ckcabs@hotmail.com444", "action_flag": 1, "change_message": "[{\"added\": {}}]"}}, {"model": "auth.user", "pk": 1, "fields": {"password": "pbkdf2_sha256$260000$DuknLSqqXdpdgq4h44AXbG$SSQsLRWM2LM+D2dNo3BjCFhTn4quzCE7VYSzIeuiB/Y=", "last_login": "2022-04-07T13:46:56Z", "is_superuser": true, "username": "ccarabine12@gmail.com", "first_name": "Chris", "last_name": "Carabine", "email": "projectckcabs@gmail.com", "is_staff": true, "is_active": true, "date_joined": "2022-03-15T14:40:03Z", "groups": [], "user_permissions": []}}, {"model": "auth.user", "pk": 8, "fields": {"password": "pbkdf2_sha256$260000$tlUciPKv1lyLsd5fnbuuc1$4Ktpq+t49E3XJD9iOGqLeQuU0wsJrZiC2yLTHExhVno=", "last_login": null, "is_superuser": false, "username": "Alex", "first_name": "", "last_name": "", "email": "", "is_staff": false, "is_active": true, "date_joined": "2022-04-04T12:11:22.093Z", "groups": [], "user_permissions": []}}, {"model": "auth.user", "pk": 9, "fields": {"password": "pbkdf2_sha256$260000$oCIP91cSgXmmrRLeIJHIdX$XnuciPJ5b/XY6iZbZPiBQcB7Xnts1WTkDtiv2lXc34o=", "last_login": "2022-04-05T15:51:00.927Z", "is_superuser": false, "username": "Hadley", "first_name": "", "last_name": "", "email": "", "is_staff": false, "is_active": true, "date_joined": "2022-04-05T10:16:12Z", "groups": [], "user_permissions": []}}, {"model": "auth.user", "pk": 29, "fields": {"password": "pbkdf2_sha256$260000$WzAqCqjbPXs7OdxS0BbldA$5GIS1/c4dUQVVxcUZAkjqaCW9AR7WWf/aG2LzxGGagI=", "last_login": "2022-04-08T06:45:00.541Z", "is_superuser": true, "username": "admin1", "first_name": "Chris", "last_name": "Carabine", "email": "", "is_staff": true, "is_active": true, "date_joined": "2022-04-07T19:15:59Z", "groups": [], "user_permissions": []}}, {"model": "sessions.session", "pk": "0co3e1vhqwlqj7xgfk1p65pm5mi45t5q", "fields": {"session_data": ".eJxVjM0KwjAQhN8lZwlr0p-kR-8-Q9jsLjYqiTQtKOK720IPytxmvvneKuAyj2GpMoXEalBHdfjtItJN8jbwFfOlaCp5nlLUG6L3tepzYbmfdvZPMGId13ckz64HkBasdCCMprdruGkNkrXRGXHkyEPTWSFDbLDzYLwXiz7iJq1Sayo5yPORppca4PMFgvc_DA:1nc6ey:v0AoXWfe0Cwbn1fsmTaR91bX1WbH_H6c9PKRHkDu0m8", "expire_date": "2022-04-20T14:29:24.284Z"}}, {"model": "sessions.session", "pk": "1aj6pnprflogmeq61x7dh9l2p4lhz1sn", "fields": {"session_data": "e30:1nZvTS:-l7xhoPn_NbH52DSe0aN-Ie5o1JaBO4IwAhYRIKHePo", "expire_date": "2022-04-14T14:08:30.620Z"}}, {"model": "sessions.session", "pk": "2up9rrw3lj39wqjrx5dsbmn3fp5zurt7", "fields": {"session_data": ".eJxVjM0KwjAQhN8lZwlr0p-kR-8-Q9jsLjYqiTQtKOK720IPytxmvvneKuAyj2GpMoXEalBHdfjtItJN8jbwFfOlaCp5nlLUG6L3tepzYbmfdvZPMGId13ckz64HkBasdCCMprdruGkNkrXRGXHkyEPTWSFDbLDzYLwXiz7iJq1Sayo5yPORppca4PMFgvc_DA:1nUXfc:kLAx1ldoBHf8mKcqgQtFY2Zk1JLQAJ7MuLYFWb4ItpY", "expire_date": "2022-03-30T17:42:48.880Z"}}, {"model": "sessions.session", "pk": "89j0bxw8we4bfpptzt19dcfitogns88e", "fields": {"session_data": ".eJxVjjsOwjAQRO_iGln-xD9Kes5grb1eHECOFCcV4u5gKQW0896M5sUi7FuNey9rnJGdmQrs9BsmyI_SBsE7tNvC89K2dU58KPygnV8XLM_L4f4NVOh1tIUkkyFIJHIYZPZCWJMnT9poKwMKbQV5EMU7FaaM1iUHmpwi5-H76v0BCHM3wA:1nciMe:EP_-7dUmhZWv-G50WFQq-QXFvthsctyR9lLLIvt8uEA", "expire_date": "2022-04-22T06:45:00.549Z"}}, {"model": "sites.site", "pk": 1, "fields": {"domain": "juniordevtalentexample.com", "name": "Junior Dev Talent"}}, {"model": "account.emailaddress", "pk": 1, "fields": {"user": 1, "email": "projectckcabs@gmail.com", "verified": true, "primary": true}}, {"model": "account.emailaddress", "pk": 7, "fields": {"user": 9, "email": "test@hotmail.com", "verified": true, "primary": true}}, {"model": "forum.topic", "pk": 1, "fields": {"name": "Interview", "friendly_name": "Interview", "slug": "interview", "topic_image": "job-interview_PQWvFGp.png"}}, {"model": "forum.topic", "pk": 2, "fields": {"name": "Career change", "friendly_name": "Career change", "slug": "career-change", "topic_image": "goal_t88tMIs.png"}}, {"model": "forum.topic", "pk": 15, "fields": {"name": "Chris2", "friendly_name": null, "slug": "chris2", "topic_image": "2ce90015-0ca5-4a70-8e49-94aa3590500f_VVbqIY9.JPG"}}, {"model": "forum.post", "pk": 4, "fields": {"topic": 1, "title": "post2", "body": "fsdfsafsdfs", "user_name": "admin", "owner": 1, "slug": "post2", "updated": "2022-03-20T18:52:08.031Z", "created": "2022-03-20T18:52:08.031Z", "post_image": ""}}, {"model": "forum.post", "pk": 5, "fields": {"topic": 1, "title": "post 3", "body": "", "user_name": null, "owner": 1, "slug": "post-3", "updated": "2022-03-20T18:52:20.869Z", "created": "2022-03-20T18:52:20.869Z", "post_image": ""}}, {"model": "forum.post", "pk": 6, "fields": {"topic": 2, "title": "test2", "body": "3234324", "user_name": null, "owner": 1, "slug": "test2", "updated": "2022-03-21T10:44:39.723Z", "created": "2022-03-21T10:44:39.723Z", "post_image": ""}}, {"model": "forum.post", "pk": 7, "fields": {"topic": 1, "title": "fdf", "body": "fdf", "user_name": "admin", "owner": 1, "slug": "fdf", "updated": "2022-03-21T12:05:48.697Z", "created": "2022-03-21T12:05:48.697Z", "post_image": "talent-search_1_FDKMlN5.png"}}, {"model": "forum.post", "pk": 8, "fields": {"topic": 1, "title": "fdf2", "body": "fdf", "user_name": "admin", "owner": 1, "slug": "fdf2", "updated": "2022-03-21T12:06:26.393Z", "created": "2022-03-21T12:06:26.393Z", "post_image": "talent-search_1_4SQAQHy.png"}}, {"model": "forum.post", "pk": 9, "fields": {"topic": 1, "title": "fdf21", "body": "fdf", "user_name": "admin", "owner": 1, "slug": "fdf21", "updated": "2022-03-21T12:06:41.499Z", "created": "2022-03-21T12:06:41.499Z", "post_image": ""}}, {"model": "forum.post", "pk": 10, "fields": {"topic": 1, "title": "test22", "body": "ewew", "user_name": "admin", "owner": 1, "slug": "test22", "updated": "2022-03-21T12:07:26.625Z", "created": "2022-03-21T12:07:26.625Z", "post_image": "conversation.png"}}, {"model": "forum.post", "pk": 11, "fields": {"topic": 1, "title": "fdfsdf", "body": "fsdfd", "user_name": "admin", "owner": 1, "slug": "fdfsdf", "updated": "2022-03-21T12:24:21.368Z", "created": "2022-03-21T12:24:21.368Z", "post_image": ""}}, {"model": "forum.post", "pk": 12, "fields": {"topic": 2, "title": "fdddsfdsfds", "body": "", "user_name": "admin", "owner": 1, "slug": "fdddsfdsfds", "updated": "2022-03-21T12:47:22.005Z", "created": "2022-03-21T12:47:22.005Z", "post_image": ""}}, {"model": "forum.post", "pk": 13, "fields": {"topic": 2, "title": "ffff", "body": "", "user_name": "admin", "owner": 1, "slug": "ffff", "updated": "2022-03-21T12:53:56.041Z", "created": "2022-03-21T12:53:56.041Z", "post_image": ""}}, {"model": "forum.post", "pk": 14, "fields": {"topic": 2, "title": "grrgr", "body": "", "user_name": "admin", "owner": 1, "slug": "grrgr", "updated": "2022-03-23T15:58:14.305Z", "created": "2022-03-21T12:56:51.055Z", "post_image": ""}}, {"model": "forum.post", "pk": 19, "fields": {"topic": 1, "title": "test12", "body": "", "user_name": "admin", "owner": 1, "slug": "test12", "updated": "2022-03-24T11:08:59.997Z", "created": "2022-03-24T11:08:59.997Z", "post_image": ""}}, {"model": "forum.post", "pk": 21, "fields": {"topic": 2, "title": "bv", "body": "bvbv", "user_name": "admin", "owner": 1, "slug": "bv", "updated": "2022-04-07T14:06:39.055Z", "created": "2022-03-29T16:15:35.861Z", "post_image": "91e3e6b4-37df-4ba1-bba7-965dd0e924e9_4vrHluY.JPG"}}, {"model": "forum.comment", "pk": 7, "fields": {"post": 11, "owner": 1, "name": "admin", "comment_body": "dfs", "created": "2022-03-23T15:24:09.995Z"}}, {"model": "forum.comment", "pk": 8, "fields": {"post": 7, "owner": 1, "name": "admin", "comment_body": "dfg", "created": "2022-03-23T15:24:30.142Z"}}, {"model": "forum.comment", "pk": 9, "fields": {"post": 11, "owner": 1, "name": "admin", "comment_body": "greg", "created": "2022-03-23T15:25:32.705Z"}}, {"model": "forum.comment", "pk": 11, "fields": {"post": 21, "owner": 1, "name": "admin", "comment_body": "gfg", "created": "2022-03-29T16:15:42.881Z"}}, {"model": "products.category", "pk": 1, "fields": {"name": "courses", "friendly_name": "Courses"}}, {"model": "products.category", "pk": 2, "fields": {"name": "events", "friendly_name": "Events"}}, {"model": "products.category", "pk": 3, "fields": {"name": "mentorship", "friendly_name": "Mentorship"}}, {"model": "products.product", "pk": 1, "fields": {"category": 1, "sku": null, "name": "Launch Sales Enablement Training For External Partners", "description": "External partners are often geographically dispersed and eager to seal the deal on behalf of your organization. This article features 7 tips and tricks to launch a sales enablement training strategy thats easily accessible and targeted to their needs.", "price": "105.99", "rating": "2.50", "image_url": null, "image": "enablement_course.jpg"}}, {"model": "products.product", "pk": 2, "fields": {"category": 3, "sku": "2", "name": "Steve Jobs", "description": "Before we talk about how to find a mentor, let us understand what mentorship is and what role it plays in your career.\r\n\r\nMentoring is relationship-oriented and occurs when a person who has years of experience in a field provides guidance on career progression to an individual with less experience.\r\n\r\nThe needs of the mentee are important in this relationship, and the mentor helps wherever possible in this development-driven relationship.\r\n\r\nIt is a long-term relationship as opposed to on-the-spot advice.\r\n\r\nThere are many benefits of having a mentor: boosting your confidence, helping you get control of your career, and teaching you important life lessons.", "price": "1999.99", "rating": "5.00", "image_url": null, "image": "mentor-cover.jpeg"}}, {"model": "products.product", "pk": 3, "fields": {"category": 1, "sku": "3", "name": "dasdsad", "description": "sadasdasdsa", "price": "555.00", "rating": "2.50", "image_url": null, "image": "hackathon1.jpg"}}, {"model": "products.product", "pk": 4, "fields": {"category": 1, "sku": "4", "name": "Advanced Interviewing Techniques", "description": "People interviewing for jobs today often fail because they are using yesterday's strategies. Recruiting technology has become more sophisticated, and the best employers are constantly changing the way interviews are done. This course gives you detailed strategies for handling tough competency-based, or behavioral,  interviews so that you can communicate the knowledge, skills, and abilities that you have and that employers demand.\r\n\r\nYou will be able to:\r\n\r\n1.  Identify what the hiring organization is looking for in using behavioral interviewing techniques.\r\n\r\n2.  List the steps in the S.T.A.R. response strategy and apply the steps, using reasonably correct language, to respond to  behavioral interview questions.\r\n\r\n3.  Use your responses to behavioral and competency-based questions to communicate your personal values.\r\n\r\n4.  Identify what the hiring organization is looking for in asking situational and wild-card interview questions.\r\n\r\n5.  List the steps in the P.R.E.P. and 5 W's response strategies and apply the steps, using reasonably correct language, to answer at least one wild-card and two situational interview questions.\r\n\r\n6.  Develop an optimal strategy for responding to the weaknesses question, based on recognizing why a hiring organization asks these questions.\r\n\r\n7.  Demonstrate your personal strengths and maturity through your responses to the weaknesses question.\r\n\r\n8.  Correctly apply hedging language to soften a negative and boosting language to emphasize a positive aspect of your professional and/or academic background.\r\n\r\n9.  Ask questions to determine how well an organization fits with your personality, career goals and salary objectives.\r\n\r\n10. Ask questions that communicate your competencies and strengths.\r\n\r\n11.  Negotiate the best job offer and compensation package for yourself.\r\n\r\n12.  Perform successfully on telephone interviews.\r\n\r\nApprox. 21 hours to complete", "price": "49.99", "rating": "4.80", "image_url": null, "image": "job-interview-1.jpg"}}, {"model": "products.product", "pk": 5, "fields": {"category": 1, "sku": "4", "name": "Mastering the Software Engineering Interview", "description": "Youve hit a major milestone as a computer scientist and are becoming a capable programmer. You now know how to solve problems, write algorithms, and analyze solutions; and you have a wealth of tools (like data structures) at your disposal.  You may now be ready for an internship or (possibly) an entry-level software engineering job.  But can you land the internship/job?  It depends in part on how well you can solve new technical problems and communicate during interviews.  How can you get better at this?  Practice!  \r\n\r\nWith the support of Googles recruiting and engineering teams weve provided tips, examples, and practice opportunities in this course that may help you with a number of tech companies.  Well assist you to organize into teams to practice.  Lastly, well give you basic job search advice, and tips for succeeding once youre on the job.\r\n\r\nApprox. 21 hours to complete\r\n\r\n65.00 per hour", "price": "65.00", "rating": "4.90", "image_url": null, "image": "software-interview.jpeg"}}, {"model": "products.product", "pk": 6, "fields": {"category": 3, "sku": "5", "name": "Adam Barani", "description": "More than 10 years of experience coding for big tech companies in the US and teaching. Mastery level in JavaScript and MERN stack (Mongo, Express, React, Node JS). I've also done a lot work with C#/.NET and Java/Spring Boot.\r\n\r\nI help junior/mid-level developers, Bootcamp, or computer degree graduates create a detailed study plan to improve their coding level and take efficient steps to land their desired role. I've helped many people pick up skills even when they were struggling and I'm experienced in getting people ready for interviews.\r\n\r\nDone Full-stack Bootcamps as a lead instructor, and I have extensive knowledge in the full life cycle of software (requirements definition, prototyping, proof of concept, design, testing, and maintenance). I have a track record for delivering software solutions using industry-leading technologies.\r\n\r\nOpen to discuss a special rate if you're looking for long-term help. We can start with a free intro call as well.\r\n\r\nIf you want to book a session message me directly. I use a different calendar for booking and it will show me unavailable in the platform's calendar.\r\n\r\n80.00 per hour", "price": "80.00", "rating": "4.00", "image_url": null, "image": "adam.jpg"}}, {"model": "products.product", "pk": 7, "fields": {"category": 3, "sku": "6", "name": "Mihai Solomon", "description": "Experienced Developer with a demonstrated history of working in the marketing and advertising industry. Skilled in iOS, SQL, PHP, Objective-C, and jQuery. Strong engineering professional with a Master's degree focused in Distributed Systems and Web Technologies from Universitatea Tehnic", "price": "88.99", "rating": "4.50", "image_url": null, "image": "mihai.jpg"}}, {"model": "products.product", "pk": 8, "fields": {"category": 3, "sku": "6", "name": "Ethan Elliott", "description": "Experienced software dev looking to help others join the world of software development.\r\nHi! My name is Ethan, and I've been programming almost my entire life. From video games in my teens to enterprise software now in my career. (I still make some video games as a hobby.) Let me know if I can help!\r\n\r\nI specialize in operational and functional code and optimizing how you program. If you need help understanding programming concepts, syntax, or need a faster way of programming. I can show you!\r\n\r\n60.00 per hour", "price": "60.00", "rating": "4.49", "image_url": null, "image": "ethan.jfif"}}, {"model": "products.product", "pk": 9, "fields": {"category": 1, "sku": "22", "name": "2222", "description": "2222", "price": "22.00", "rating": null, "image_url": null, "image": ""}}, {"model": "checkout.order", "pk": 1, "fields": {"order_number": "04B9AA33BF5848429D1F81060F930C9F", "user_profile": null, "full_name": "Christopher Carabine", "email": "Ckcabs@hotmail.com", "phone_number": "07773323840", "country": "United Kingdom", "postcode": "TW2 5RZ", "town_or_city": "Twickenham", "street_address1": "Flat 1", "street_address2": "67 Wellesley Road", "county": "Greater London", "date": "2022-03-31T08:12:30.395Z", "order_total": "555.00", "grand_total": "555.00", "original_basket": "", "stripe_pid": ""}}, {"model": "checkout.order", "pk": 2, "fields": {"order_number": "49DD79D86FCF46A495797A12885DE40B", "user_profile": null, "full_name": "Christopher Carabine", "email": "Ckcabs@hotmail.com", "phone_number": "07773323840", "country": "United Kingdom", "postcode": "TW2 5RZ", "town_or_city": "Twickenham", "street_address1": "Flat 1", "street_address2": "67 Wellesley Road", "county": "Greater London", "date": "2022-03-31T08:13:11.914Z", "order_total": "555.00", "grand_total": "555.00", "original_basket": "", "stripe_pid": ""}}, {"model": "checkout.order", "pk": 3, "fields": {"order_number": "52FFD03C7AA04A889F3E01B26E5ACE1F", "user_profile": null, "full_name": "Christopher Carabine", "email": "Ckcabs@hotmail.com", "phone_number": "07773323840", "country": "United Kingdom", "postcode": "TW2 5RZ", "town_or_city": "Twickenham", "street_address1": "Flat 1", "street_address2": "67 Wellesley Road", "county": "Greater London", "date": "2022-03-31T08:19:21.841Z", "order_total": "555.00", "grand_total": "555.00", "original_basket": "", "stripe_pid": ""}}, {"model": "checkout.order", "pk": 4, "fields": {"order_number": "0F357BA74A8F4F49973E77933615FE5B", "user_profile": null, "full_name": "Christopher Carabine", "email": "Ckcabs@hotmail.com", "phone_number": "07773323840", "country": "United Kingdom", "postcode": "TW2 5RZ", "town_or_city": "Twickenham", "street_address1": "Flat 1", "street_address2": "67 Wellesley Road", "county": "Greater London", "date": "2022-03-31T09:04:04.894Z", "order_total": "49.99", "grand_total": "49.99", "original_basket": "", "stripe_pid": ""}}, {"model": "checkout.order", "pk": 5, "fields": {"order_number": "419B17F32FFF477198E8E5F1BAB6CF3A", "user_profile": null, "full_name": "Christopher Carabine", "email": "Ckcabs@hotmail.com", "phone_number": "07773323840", "country": "United Kingdom", "postcode": "TW2 5RZ", "town_or_city": "Twickenham", "street_address1": "Flat 1", "street_address2": "67 Wellesley Road", "county": "Greater London", "date": "2022-03-31T09:16:22.826Z", "order_total": "49.99", "grand_total": "49.99", "original_basket": "", "stripe_pid": ""}}, {"model": "checkout.order", "pk": 6, "fields": {"order_number": "4B862765C00C49409ED6CF3CEFB4BD89", "user_profile": null, "full_name": "Christopher Carabine", "email": "Ckcabs@hotmail.com", "phone_number": "07773323840", "country": "United Kingdom", "postcode": "TW2 5RZ", "town_or_city": "Twickenham", "street_address1": "Flat 1", "street_address2": "67 Wellesley Road", "county": "Greater London", "date": "2022-03-31T09:20:38.177Z", "order_total": "99.98", "grand_total": "99.98", "original_basket": "", "stripe_pid": ""}}, {"model": "checkout.order", "pk": 7, "fields": {"order_number": "6336E89F6DEF44CC973C67EA595965D5", "user_profile": null, "full_name": "Christopher Carabine", "email": "Ckcabs@hotmail.com", "phone_number": "07773323840", "country": "GB", "postcode": "TW2 5RZ", "town_or_city": "Twickenham", "street_address1": "Flat 1", "street_address2": "67 Wellesley Road", "county": "Greater London", "date": "2022-03-31T10:54:12.321Z", "order_total": "49.99", "grand_total": "49.99", "original_basket": "", "stripe_pid": ""}}, {"model": "checkout.order", "pk": 8, "fields": {"order_number": "43F21349675444F7838541A0AD1BE23B", "user_profile": null, "full_name": "Christopher Carabine", "email": "Ckcabs@hotmail.com", "phone_number": "07773323840", "country": "GB", "postcode": "TW2 5RZ", "town_or_city": "Twickenham", "street_address1": "Flat 1", "street_address2": "67 Wellesley Road", "county": "Greater London", "date": "2022-03-31T10:56:05.547Z", "order_total": "49.99", "grand_total": "49.99", "original_basket": "", "stripe_pid": ""}}, {"model": "checkout.order", "pk": 9, "fields": {"order_number": "C3EC6555CA7644D4B5711B60BBA3C460", "user_profile": null, "full_name": "Christopher Carabine", "email": "Ckcabs@hotmail.com", "phone_number": "07773323840", "country": "GB", "postcode": "GB", "town_or_city": "Twickenham", "street_address1": "Flat 1", "street_address2": "67 Wellesley Road", "county": "Greater London", "date": "2022-03-31T11:35:41.047Z", "order_total": "555.00", "grand_total": "555.00", "original_basket": "", "stripe_pid": ""}}, {"model": "checkout.order", "pk": 10, "fields": {"order_number": "CB531702AB534A9597B1FE1EA516CF12", "user_profile": null, "full_name": "Christopher Carabine", "email": "Ckcabs@hotmail.com", "phone_number": "07773323840", "country": "GB", "postcode": "42424", "town_or_city": "Twickenham", "street_address1": "Flat 1", "street_address2": "67 Wellesley Road", "county": "Greater London", "date": "2022-03-31T11:56:17.002Z", "order_total": "99.98", "grand_total": "99.98", "original_basket": "{\"4\": 2}", "stripe_pid": "pi_3KjMbLK0LINE1GrI14qpoYPM"}}, {"model": "checkout.order", "pk": 11, "fields": {"order_number": "37EA0D1F2E5E4215BE549975DBCF5B08", "user_profile": null, "full_name": "Christopher Carabine", "email": "Ckcabs@hotmail.com", "phone_number": "07773323840", "country": "GB", "postcode": "TW2 5RZ", "town_or_city": "Twickenham", "street_address1": "Flat 1", "street_address2": "67 Wellesley Road", "county": "Greater London", "date": "2022-03-31T11:57:30.183Z", "order_total": "99.98", "grand_total": "99.98", "original_basket": "{\"4\": 2}", "stripe_pid": "pi_3KjMbLK0LINE1GrI14qpoYPM"}}, {"model": "checkout.order", "pk": 12, "fields": {"order_number": "E9DE4E775D964EB1A564996A7C576FF4", "user_profile": null, "full_name": "Christopher Carabine", "email": "Ckcabs@hotmail.com", "phone_number": "07773323840", "country": "GB", "postcode": "42424", "town_or_city": "Twickenham", "street_address1": "Flat 1", "street_address2": "67 Wellesley Road", "county": "Greater London", "date": "2022-03-31T12:15:22.282Z", "order_total": "179.99", "grand_total": "179.99", "original_basket": "{\"4\": 1, \"5\": 2}", "stripe_pid": "pi_3KjMtpK0LINE1GrI0gQEEjDp"}}, {"model": "checkout.order", "pk": 13, "fields": {"order_number": "02BC1E94E8184DBF8674B0C4E2710523", "user_profile": null, "full_name": "Christopher Carabine", "email": "Ckcabs@hotmail.com", "phone_number": "07773323840", "country": "GB", "postcode": "TW2 5RZ", "town_or_city": "Twickenham", "street_address1": "Flat 1", "street_address2": "67 Wellesley Road", "county": "Greater London", "date": "2022-03-31T12:35:07.557Z", "order_total": "179.99", "grand_total": "179.99", "original_basket": "{\"4\": 1, \"5\": 2}", "stripe_pid": "pi_3KjNCvK0LINE1GrI0kkd3X1E"}}, {"model": "checkout.order", "pk": 14, "fields": {"order_number": "659FA83FDC4F4325936102F48F1D25A8", "user_profile": null, "full_name": "Christopher Carabine", "email": "Ckcabs@hotmail.com", "phone_number": "07773323840", "country": "GB", "postcode": "42424", "town_or_city": "Twickenham", "street_address1": "Flat 1", "street_address2": "67 Wellesley Road", "county": "Greater London", "date": "2022-03-31T12:35:13.441Z", "order_total": "179.99", "grand_total": "179.99", "original_basket": "{\"4\": 1, \"5\": 2}", "stripe_pid": "pi_3KjNCvK0LINE1GrI0kkd3X1E"}}, {"model": "checkout.order", "pk": 15, "fields": {"order_number": "58D7F87DFD04402F89C2E45BAF3F4F15", "user_profile": null, "full_name": "Christopher Carabine", "email": "Ckcabs@hotmail.com", "phone_number": "07773323840", "country": "GB", "postcode": "42424", "town_or_city": "Twickenham", "street_address1": "Flat 1", "street_address2": "67 Wellesley Road", "county": "Greater London", "date": "2022-03-31T12:35:32.347Z", "order_total": "555.00", "grand_total": "555.00", "original_basket": "{\"3\": 1}", "stripe_pid": "pi_3KjMH8K0LINE1GrI0qfJPpuW"}}, {"model": "checkout.order", "pk": 16, "fields": {"order_number": "93138929B5F04329AADA88B970295B98", "user_profile": null, "full_name": "Christopher Carabine", "email": "Ckcabs@hotmail.com", "phone_number": "07773323840", "country": "GB", "postcode": "TW2 5RZ", "town_or_city": "Twickenham", "street_address1": "Flat 1", "street_address2": "67 Wellesley Road", "county": "Greater London", "date": "2022-03-31T15:27:32.336Z", "order_total": "49.99", "grand_total": "49.99", "original_basket": "{\"4\": 1}", "stripe_pid": "pi_3KjPu3K0LINE1GrI0xfgDJ2P"}}, {"model": "checkout.order", "pk": 17, "fields": {"order_number": "CD5630C5CF594E3EAE9E0B2980ECFFB2", "user_profile": null, "full_name": "Christopher Carabine", "email": "Ckcabs@hotmail.com", "phone_number": "07773323840", "country": "GB", "postcode": "42424", "town_or_city": "Twickenham", "street_address1": "Flat 1", "street_address2": "67 Wellesley Road", "county": "Greater London", "date": "2022-03-31T15:27:38.032Z", "order_total": "49.99", "grand_total": "49.99", "original_basket": "{\"4\": 1}", "stripe_pid": "pi_3KjPu3K0LINE1GrI0xfgDJ2P"}}, {"model": "checkout.order", "pk": 18, "fields": {"order_number": "49434109D6F74CDEA5D77032F0231AE5", "user_profile": null, "full_name": "Christopher Carabine", "email": "Ckcabs@hotmail.com", "phone_number": "07773323840", "country": "GB", "postcode": "TW2 5RZ", "town_or_city": "Twickenham", "street_address1": "Flat 1", "street_address2": "67 Wellesley Road", "county": "Greater London", "date": "2022-03-31T15:55:49.402Z", "order_total": "49.99", "grand_total": "49.99", "original_basket": "{\"4\": 1}", "stripe_pid": "pi_3KjQ4pK0LINE1GrI1zWm8wBE"}}, {"model": "checkout.order", "pk": 19, "fields": {"order_number": "2F0027FD96034EACAFF6824674EECFC7", "user_profile": null, "full_name": "Christopher Carabine", "email": "Ckcabs@hotmail.com", "phone_number": "07773323840", "country": "GB", "postcode": "42424", "town_or_city": "Twickenham", "street_address1": "Flat 1", "street_address2": "67 Wellesley Road", "county": "Greater London", "date": "2022-03-31T15:55:55.069Z", "order_total": "49.99", "grand_total": "49.99", "original_basket": "{\"4\": 1}", "stripe_pid": "pi_3KjQ4pK0LINE1GrI1zWm8wBE"}}, {"model": "checkout.order", "pk": 20, "fields": {"order_number": "4F09D99B3A0A4A5887CB529193E544BA", "user_profile": null, "full_name": "Christopher Carabine", "email": "Ckcabs@hotmail.com", "phone_number": "07773323840", "country": "GB", "postcode": "TW2 5RZ", "town_or_city": "Twickenham", "street_address1": "Flat 1d", "street_address2": "67 Wellesley Road", "county": "Greater London", "date": "2022-03-31T16:24:45.371Z", "order_total": "1110.00", "grand_total": "1110.00", "original_basket": "{\"3\": 2}", "stripe_pid": "pi_3KjQnEK0LINE1GrI0DMmwKgh"}}, {"model": "checkout.order", "pk": 21, "fields": {"order_number": "348C5D6F35124EE4A4AD81C46B4631FB", "user_profile": null, "full_name": "Christopher Carabine", "email": "Ckcabs@hotmail.com", "phone_number": "07773323840", "country": "GB", "postcode": "42424", "town_or_city": "Twickenham", "street_address1": "Flat 1d", "street_address2": "67 Wellesley Road", "county": "Greater London", "date": "2022-03-31T16:24:51.076Z", "order_total": "1110.00", "grand_total": "1110.00", "original_basket": "{\"3\": 2}", "stripe_pid": "pi_3KjQnEK0LINE1GrI0DMmwKgh"}}, {"model": "checkout.order", "pk": 22, "fields": {"order_number": "036BE487EAA246859B2D337849CC8033", "user_profile": 1, "full_name": "Christopher Carabine", "email": "Ckcabs@hotmail.com", "phone_number": "07773323840", "country": "GB", "postcode": "TW2 5RZ", "town_or_city": "Twickenham", "street_address1": "Flat 1", "street_address2": "67 Wellesley Road", "county": "Greater London", "date": "2022-04-01T19:41:54.935Z", "order_total": "555.00", "grand_total": "555.00", "original_basket": "{\"3\": 1}", "stripe_pid": "pi_3KjqLlK0LINE1GrI1R4fqOHh"}}, {"model": "checkout.order", "pk": 23, "fields": {"order_number": "6CD05CCBC6D84ABABCD9B94A2419BEE1", "user_profile": null, "full_name": "Christopher Carabine", "email": "Ckcabs@hotmail.com", "phone_number": "07773323840", "country": "GB", "postcode": "42424", "town_or_city": "Twickenham", "street_address1": "Flat 1", "street_address2": "67 Wellesley Road", "county": "Greater London", "date": "2022-04-01T19:42:00.729Z", "order_total": "555.00", "grand_total": "555.00", "original_basket": "{\"3\": 1}", "stripe_pid": "pi_3KjqLlK0LINE1GrI1R4fqOHh"}}, {"model": "checkout.order", "pk": 24, "fields": {"order_number": "30AC4E88014540E588669A620C8A16AD", "user_profile": 1, "full_name": "Christopher Carabine", "email": "Ckcabs@hotmail.com", "phone_number": "07773323840", "country": "GB", "postcode": "TW2 5RZ", "town_or_city": "Twickenham", "street_address1": "Flat 12", "street_address2": "67 Wellesley Road", "county": "Greater London", "date": "2022-04-01T19:43:15.674Z", "order_total": "555.00", "grand_total": "555.00", "original_basket": "{\"3\": 1}", "stripe_pid": "pi_3KjqMvK0LINE1GrI0XPKpWxC"}}, {"model": "checkout.order", "pk": 25, "fields": {"order_number": "FD74D121D5AC4410A7E5FB7D3841905D", "user_profile": null, "full_name": "Christopher Carabine", "email": "Ckcabs@hotmail.com", "phone_number": "07773323840", "country": "GB", "postcode": "42424", "town_or_city": "Twickenham", "street_address1": "Flat 12", "street_address2": "67 Wellesley Road", "county": "Greater London", "date": "2022-04-01T19:43:21.360Z", "order_total": "555.00", "grand_total": "555.00", "original_basket": "{\"3\": 1}", "stripe_pid": "pi_3KjqMvK0LINE1GrI0XPKpWxC"}}, {"model": "checkout.order", "pk": 26, "fields": {"order_number": "2C703B86D73B46B0B1924FF5A043C551", "user_profile": 1, "full_name": "Christopher Carabine", "email": "Ckcabs@hotmail.com", "phone_number": "07773323840", "country": "GB", "postcode": "TW2 5RZ", "town_or_city": "Twickenham", "street_address1": "Flat 1", "street_address2": "67 Wellesley Road", "county": "Greater London", "date": "2022-04-02T11:13:47.614Z", "order_total": "555.00", "grand_total": "555.00", "original_basket": "{\"3\": 1}", "stripe_pid": "pi_3Kk4tbK0LINE1GrI1YDSfAAz"}}, {"model": "checkout.order", "pk": 27, "fields": {"order_number": "6D644E8C297A438DA5C6B55A5637D674", "user_profile": null, "full_name": "Christopher Carabine", "email": "Ckcabs@hotmail.com", "phone_number": "07773323840", "country": "GB", "postcode": "42422", "town_or_city": "Twickenham", "street_address1": "Flat 1", "street_address2": "67 Wellesley Road", "county": "Greater London", "date": "2022-04-02T11:13:53.314Z", "order_total": "555.00", "grand_total": "555.00", "original_basket": "{\"3\": 1}", "stripe_pid": "pi_3Kk4tbK0LINE1GrI1YDSfAAz"}}, {"model": "checkout.order", "pk": 28, "fields": {"order_number": "8DB55076C3B64D73BCAE19A6B6F46D20", "user_profile": null, "full_name": "Mr Chris Carabine", "email": "ccarabine12@gmail.com", "phone_number": "07773323840", "country": "GB", "postcode": "TW2 5RZ", "town_or_city": "Twickenham", "street_address1": "Flat 1", "street_address2": "67 Wellesley Road", "county": "Greater London", "date": "2022-04-07T18:16:48.029Z", "order_total": "555.00", "grand_total": "555.00", "original_basket": "{\"3\": 1}", "stripe_pid": "pi_3KlzsgK0LINE1GrI0ovpnc7J"}}, {"model": "checkout.order", "pk": 29, "fields": {"order_number": "98EA1A48243A4D60ADE667BE66C563D5", "user_profile": null, "full_name": "Mr Chris Carabine", "email": "ccarabine12@gmail.com", "phone_number": "07773323840", "country": "GB", "postcode": "42424", "town_or_city": "Twickenham", "street_address1": "Flat 1", "street_address2": "67 Wellesley Road", "county": "Greater London", "date": "2022-04-07T18:16:53.719Z", "order_total": "555.00", "grand_total": "555.00", "original_basket": "{\"3\": 1}", "stripe_pid": "pi_3KlzsgK0LINE1GrI0ovpnc7J"}}, {"model": "checkout.order", "pk": 30, "fields": {"order_number": "B3362B3C63AD4EFC9E7E034EA5D8F828", "user_profile": null, "full_name": "Mr Chris Carabine", "email": "ccarabine12@gmail.com", "phone_number": "07773323840", "country": "GB", "postcode": "TW2 5RZ", "town_or_city": "Twickenham", "street_address1": "Flat 1", "street_address2": "67 Wellesley Road", "county": "Greater London", "date": "2022-04-07T18:25:21.618Z", "order_total": "1110.00", "grand_total": "1110.00", "original_basket": "{\"3\": 2}", "stripe_pid": "pi_3KlzuTK0LINE1GrI1bKsrgNG"}}, {"model": "checkout.order", "pk": 31, "fields": {"order_number": "578AAE4F2997461F8E7A44A896532644", "user_profile": null, "full_name": "Mr Chris Carabine", "email": "ccarabine12@gmail.com", "phone_number": "07773323840", "country": "GB", "postcode": "42424", "town_or_city": "Twickenham", "street_address1": "Flat 1", "street_address2": "67 Wellesley Road", "county": "Greater London", "date": "2022-04-07T18:25:27.295Z", "order_total": "1110.00", "grand_total": "1110.00", "original_basket": "{\"3\": 2}", "stripe_pid": "pi_3KlzuTK0LINE1GrI1bKsrgNG"}}, {"model": "checkout.order", "pk": 32, "fields": {"order_number": "26CEAFFA561343008AABC084B19509A5", "user_profile": null, "full_name": "Mr Chris Carabine", "email": "ccarabine12@gmail.com", "phone_number": "07773323840", "country": "GB", "postcode": "TW2 5RZ", "town_or_city": "Twickenham", "street_address1": "Flat 1", "street_address2": "67 Wellesley Road", "county": "Greater London", "date": "2022-04-07T18:28:22.749Z", "order_total": "49.99", "grand_total": "49.99", "original_basket": "{\"4\": 1}", "stripe_pid": "pi_3Km03wK0LINE1GrI14AqS3zk"}}, {"model": "checkout.order", "pk": 33, "fields": {"order_number": "6F5EF797E8774D9F93AC51E6B032E1D8", "user_profile": null, "full_name": "Mr Chris Carabine", "email": "ccarabine12@gmail.com", "phone_number": "07773323840", "country": "GB", "postcode": "42424", "town_or_city": "Twickenham", "street_address1": "Flat 1", "street_address2": "67 Wellesley Road", "county": "Greater London", "date": "2022-04-07T18:28:28.467Z", "order_total": "49.99", "grand_total": "49.99", "original_basket": "{\"4\": 1}", "stripe_pid": "pi_3Km03wK0LINE1GrI14AqS3zk"}}, {"model": "checkout.orderlineitem", "pk": 1, "fields": {"order": 1, "product": 3, "quantity": 1, "lineitem_total": "555.00"}}, {"model": "checkout.orderlineitem", "pk": 2, "fields": {"order": 2, "product": 3, "quantity": 1, "lineitem_total": "555.00"}}, {"model": "checkout.orderlineitem", "pk": 4, "fields": {"order": 3, "product": 3, "quantity": 1, "lineitem_total": "555.00"}}, {"model": "checkout.orderlineitem", "pk": 5, "fields": {"order": 4, "product": 4, "quantity": 1, "lineitem_total": "49.99"}}, {"model": "checkout.orderlineitem", "pk": 6, "fields": {"order": 5, "product": 4, "quantity": 1, "lineitem_total": "49.99"}}, {"model": "checkout.orderlineitem", "pk": 7, "fields": {"order": 6, "product": 4, "quantity": 2, "lineitem_total": "99.98"}}, {"model": "checkout.orderlineitem", "pk": 8, "fields": {"order": 7, "product": 4, "quantity": 1, "lineitem_total": "49.99"}}, {"model": "checkout.orderlineitem", "pk": 9, "fields": {"order": 8, "product": 4, "quantity": 1, "lineitem_total": "49.99"}}, {"model": "checkout.orderlineitem", "pk": 10, "fields": {"order": 9, "product": 3, "quantity": 1, "lineitem_total": "555.00"}}, {"model": "checkout.orderlineitem", "pk": 11, "fields": {"order": 10, "product": 4, "quantity": 2, "lineitem_total": "99.98"}}, {"model": "checkout.orderlineitem", "pk": 12, "fields": {"order": 11, "product": 4, "quantity": 2, "lineitem_total": "99.98"}}, {"model": "checkout.orderlineitem", "pk": 13, "fields": {"order": 12, "product": 4, "quantity": 1, "lineitem_total": "49.99"}}, {"model": "checkout.orderlineitem", "pk": 14, "fields": {"order": 12, "product": 5, "quantity": 2, "lineitem_total": "130.00"}}, {"model": "checkout.orderlineitem", "pk": 15, "fields": {"order": 13, "product": 4, "quantity": 1, "lineitem_total": "49.99"}}, {"model": "checkout.orderlineitem", "pk": 16, "fields": {"order": 13, "product": 5, "quantity": 2, "lineitem_total": "130.00"}}, {"model": "checkout.orderlineitem", "pk": 17, "fields": {"order": 14, "product": 4, "quantity": 1, "lineitem_total": "49.99"}}, {"model": "checkout.orderlineitem", "pk": 18, "fields": {"order": 14, "product": 5, "quantity": 2, "lineitem_total": "130.00"}}, {"model": "checkout.orderlineitem", "pk": 19, "fields": {"order": 15, "product": 3, "quantity": 1, "lineitem_total": "555.00"}}, {"model": "checkout.orderlineitem", "pk": 20, "fields": {"order": 16, "product": 4, "quantity": 1, "lineitem_total": "49.99"}}, {"model": "checkout.orderlineitem", "pk": 21, "fields": {"order": 17, "product": 4, "quantity": 1, "lineitem_total": "49.99"}}, {"model": "checkout.orderlineitem", "pk": 22, "fields": {"order": 18, "product": 4, "quantity": 1, "lineitem_total": "49.99"}}, {"model": "checkout.orderlineitem", "pk": 23, "fields": {"order": 19, "product": 4, "quantity": 1, "lineitem_total": "49.99"}}, {"model": "checkout.orderlineitem", "pk": 24, "fields": {"order": 20, "product": 3, "quantity": 2, "lineitem_total": "1110.00"}}, {"model": "checkout.orderlineitem", "pk": 25, "fields": {"order": 21, "product": 3, "quantity": 2, "lineitem_total": "1110.00"}}, {"model": "checkout.orderlineitem", "pk": 26, "fields": {"order": 22, "product": 3, "quantity": 1, "lineitem_total": "555.00"}}, {"model": "checkout.orderlineitem", "pk": 27, "fields": {"order": 23, "product": 3, "quantity": 1, "lineitem_total": "555.00"}}, {"model": "checkout.orderlineitem", "pk": 28, "fields": {"order": 24, "product": 3, "quantity": 1, "lineitem_total": "555.00"}}, {"model": "checkout.orderlineitem", "pk": 29, "fields": {"order": 25, "product": 3, "quantity": 1, "lineitem_total": "555.00"}}, {"model": "checkout.orderlineitem", "pk": 30, "fields": {"order": 26, "product": 3, "quantity": 1, "lineitem_total": "555.00"}}, {"model": "checkout.orderlineitem", "pk": 31, "fields": {"order": 27, "product": 3, "quantity": 1, "lineitem_total": "555.00"}}, {"model": "checkout.orderlineitem", "pk": 32, "fields": {"order": 28, "product": 3, "quantity": 1, "lineitem_total": "555.00"}}, {"model": "checkout.orderlineitem", "pk": 33, "fields": {"order": 29, "product": 3, "quantity": 1, "lineitem_total": "555.00"}}, {"model": "checkout.orderlineitem", "pk": 34, "fields": {"order": 30, "product": 3, "quantity": 2, "lineitem_total": "1110.00"}}, {"model": "checkout.orderlineitem", "pk": 35, "fields": {"order": 31, "product": 3, "quantity": 2, "lineitem_total": "1110.00"}}, {"model": "checkout.orderlineitem", "pk": 36, "fields": {"order": 32, "product": 4, "quantity": 1, "lineitem_total": "49.99"}}, {"model": "checkout.orderlineitem", "pk": 37, "fields": {"order": 33, "product": 4, "quantity": 1, "lineitem_total": "49.99"}}, {"model": "profiles.userprofile", "pk": 1, "fields": {"user": 1, "is_hiring_manager": false, "default_full_name": "Christopher Carabine", "default_phone_number": "07773323840", "default_street_address1": "Flat 1", "default_street_address2": "67 Wellesley Road", "default_town_or_city": "Twickenham", "default_county": "Greater London", "default_postcode": "TW2 5RZ", "default_country": "GB", "default_email": "Ckcabs@hotmail.com", "short_intro": "Junior Full Stack Software Developer", "about": "A commercially minded Junior Full Stack Software Developer due to graduate May 2022 with a university accredited diploma Level 5 EQF, Full Stack Software Development. Developed knowledge of Python, JavaScript, HTML, CSS, Heroku, and GitHub. Trusted professional with a dependable reputation for managing complex projects and advising individuals on best course of action. Identifying and solving problems with innovative thinking and", "location": "Twickenham", "profile_image": "profile_images/adam_eWAOC0n.jpg", "github_link": "https://github.com/ccarabine/junior-dev-talent/projects/1", "linkedin_link": "https://www.linkedin.com/in/gareth-john-chelt/", "cv_file": "documents/Chris_Carabine_CV.pdf", "created": "2022-04-04T09:53:56.391Z"}}, {"model": "profiles.userprofile", "pk": 7, "fields": {"user": 8, "is_hiring_manager": false, "default_full_name": "Alex Milward", "default_phone_number": null, "default_street_address1": null, "default_street_address2": null, "default_town_or_city": null, "default_county": null, "default_postcode": null, "default_country": null, "default_email": "fdsa@test.com", "short_intro": "Lorem Ipsum is simply dummy text of the printing and typesetting industry. Lorem Ipsum has been the industry's standard dummy text ever since the 1500s, when an unknown printer took a galley of type a", "about": "Lorem Ipsum is simply dummy text of the printing and typesetting industry. Lorem Ipsum has been the industry's standard dummy text ever since the 1500s, when an unknown printer took a galley of type a", "location": "Fulham", "profile_image": "", "github_link": null, "linkedin_link": null, "cv_file": "", "created": "2022-04-04T12:11:22.241Z"}}, {"model": "profiles.userprofile", "pk": 8, "fields": {"user": 9, "is_hiring_manager": true, "default_full_name": "Christopher Carabine", "default_phone_number": null, "default_street_address1": null, "default_street_address2": null, "default_town_or_city": null, "default_county": null, "default_postcode": null, "default_country": null, "default_email": "Ckcabs@hotmail.com", "short_intro": null, "about": "I am strategically astute, solutions orientated, and pragmatic. I have 25 years of global experience in the Oil and Gas industry and am skilled at leading the end-to-end development of a wide array of products for oil and gas applications, utilising commercial and technical acumen to ensure all products adhere to complex client requirements, whilst maintaining profitability and ensuring a substantial return on investment.", "location": "Essex", "profile_image": "", "github_link": "https://www.linkedin.com/in/gareth-john-chelt/", "linkedin_link": "https://www.linkedin.com/in/gareth-john-chelt/", "cv_file": "", "created": "2022-04-05T10:16:12.795Z"}}, {"model": "profiles.userprofile", "pk": 9, "fields": {"user": 29, "is_hiring_manager": false, "default_full_name": "Mr Chris Carabine", "default_phone_number": "07773323840", "default_street_address1": "Flat 1", "default_street_address2": "67 Wellesley Road", "default_town_or_city": "Twickenham", "default_county": "Greater London", "default_postcode": "TW2 5RZ", "default_country": "GB", "default_email": "ccarabine12@gmail.com", "short_intro": "Junior Full Stack Software Developer", "about": "", "location": "Twickenham", "profile_image": "default_user.png", "github_link": "https://github.com/ccarabine/junior-dev-talent/projects/1", "linkedin_link": "https://github.com/ccarabine/junior-dev-talent/projects/1", "cv_file": "", "created": "2022-04-07T19:15:59.613Z"}}, {"model": "profiles.skill", "pk": 4, "fields": {"owner": 7, "name": "React", "created": "2022-04-04T15:41:38.865Z"}}, {"model": "profiles.skill", "pk": 7, "fields": {"owner": 1, "name": "Django", "created": "2022-04-07T07:46:51.818Z"}}, {"model": "profiles.skill", "pk": 9, "fields": {"owner": 1, "name": "Python", "created": "2022-04-07T08:07:50.497Z"}}, {"model": "profiles.skill", "pk": 21, "fields": {"owner": 1, "name": "Javascript", "created": "2022-04-07T08:33:52.290Z"}}, {"model": "profiles.skill", "pk": 22, "fields": {"owner": 1, "name": "AWS S3", "created": "2022-04-07T08:36:03.494Z"}}, {"model": "profiles.skill", "pk": 23, "fields": {"owner": 1, "name": "Bootstrap", "created": "2022-04-07T08:36:08.592Z"}}]